"cell_id","CGP.cell.line","CCLE.cell.line","CGP.tissue.type","CCLE.tissue.type","CGP.link","CCLE.link","tissue.type"
"1321N1",NA,"1321N1",NA,"central_nervous_system",NA,1,"central_nervous_system"
"143B",NA,"143B",NA,"bone",NA,2,"bone"
"22RV1","22RV1","22Rv1","prostate","prostate",1105,3,"prostate"
"23132-87","23132-87","23132/87",NA,"stomach",1079,4,"stomach"
"253J",NA,"253J",NA,"urinary_tract",NA,6,"urinary_tract"
"253J-BV",NA,"253J-BV",NA,"urinary_tract",NA,5,"urinary_tract"
"380","380",NA,"haematopoietic_and_lymphoid_tissue",NA,1106,NA,"haematopoietic_and_lymphoid_tissue"
"42-MG-BA",NA,"42-MG-BA",NA,"central_nervous_system",NA,7,"central_nervous_system"
"5637","5637","5637","urinary_tract","urinary_tract",431,8,"urinary_tract"
"59M",NA,"59M",NA,"ovary",NA,9,"ovary"
"639-V","639-V","639-V","urinary_tract","urinary_tract",683,10,"urinary_tract"
"647-V","647-V","647-V","urinary_tract","urinary_tract",682,11,"urinary_tract"
"697","697","697","haematopoietic_and_lymphoid_tissue","haematopoietic_and_lymphoid_tissue",684,12,"haematopoietic_and_lymphoid_tissue"
"769-P","769-P","769-P","kidney","kidney",1078,13,"kidney"
"786-0","786-0","786-O","kidney","kidney",625,14,"kidney"
"8305C",NA,"8305C",NA,"thyroid",NA,15,"thyroid"
"8505C","8505C","8505C","thyroid","thyroid",1107,16,"thyroid"
"8-MG-BA","8-MG-BA","8-MG-BA","central_nervous_system","central_nervous_system",439,17,"central_nervous_system"
"A101D","A101D","A101D","skin","skin",1077,18,"skin"
"A1207",NA,"A1207",NA,"central_nervous_system",NA,19,"central_nervous_system"
"A172","A172","A172","central_nervous_system","central_nervous_system",440,20,"central_nervous_system"
"A204","A204","A-204",NA,"soft_tissue",1056,21,"soft_tissue"
"A2058","A2058","A2058","skin","skin",678,22,"skin"
"A253","A253","A-253","salivary_gland","salivary_gland",680,23,"salivary_gland"
"A2780","A2780","A2780","ovary","ovary",687,24,"ovary"
"A375","A375","A-375","skin","skin",679,25,"skin"
"A3-KAW","A3-KAW","A3/KAW","haematopoietic_and_lymphoid_tissue","haematopoietic_and_lymphoid_tissue",1088,26,"haematopoietic_and_lymphoid_tissue"
"A427","A427",NA,"lung",NA,1059,NA,"lung"
"A431","A431",NA,"skin",NA,1080,NA,"skin"
"A498","A498","A-498","kidney","kidney",626,27,"kidney"
"A4-Fuk","A4-Fuk",NA,"haematopoietic_and_lymphoid_tissue",NA,1087,NA,"haematopoietic_and_lymphoid_tissue"
"A4/Fuk",NA,"A4/Fuk",NA,"haematopoietic_and_lymphoid_tissue",NA,28,"haematopoietic_and_lymphoid_tissue"
"A549","A549","A549","lung","lung",627,29,"lung"
"A673","A673","A-673","bone","bone",423,30,"bone"
"A704","A704","A-704","kidney","kidney",1076,31,"kidney"
"ABC-1","ABC-1","ABC-1","lung","lung",677,32,"lung"
"ACC-MESO-1",NA,"ACC-MESO-1",NA,"pleura",NA,33,"pleura"
"ACHN","ACHN","ACHN","kidney","kidney",628,35,"kidney"
"ACN","ACN",NA,"autonomic_ganglia",NA,686,NA,"autonomic_ganglia"
"AGS","AGS","AGS","stomach","stomach",676,36,"stomach"
"Alexander cells",NA,"Alexander cells",NA,"liver",NA,37,"liver"
"ALL-PO","ALL-PO",NA,"haematopoietic_and_lymphoid_tissue",NA,1095,NA,"haematopoietic_and_lymphoid_tissue"
"ALL-SIL",NA,"ALL-SIL",NA,"haematopoietic_and_lymphoid_tissue",NA,38,"haematopoietic_and_lymphoid_tissue"
"AM-38","AM-38","AM-38","central_nervous_system","central_nervous_system",1086,39,"central_nervous_system"
"AML-193","AML-193","AML-193","haematopoietic_and_lymphoid_tissue","haematopoietic_and_lymphoid_tissue",1180,40,"haematopoietic_and_lymphoid_tissue"
"AMO-1",NA,"AMO-1",NA,"haematopoietic_and_lymphoid_tissue",NA,41,"haematopoietic_and_lymphoid_tissue"
"AN3-CA","AN3-CA","AN3 CA","endometrium","endometrium",1054,42,"endometrium"
"ARH-77","ARH-77",NA,"haematopoietic_and_lymphoid_tissue",NA,675,NA,"haematopoietic_and_lymphoid_tissue"
"AsPC-1","AsPC-1","AsPC-1","pancreas","pancreas",1044,43,"pancreas"
"ATN-1","ATN-1",NA,"haematopoietic_and_lymphoid_tissue",NA,1032,NA,"haematopoietic_and_lymphoid_tissue"
"AU565",NA,"AU565",NA,"breast",NA,44,"breast"
"AZ-521",NA,"AZ-521",NA,"stomach",NA,45,"stomach"
"B2-17","B2-17",NA,NA,NA,NA,NA,"central_nervous_system"
"BALL-1","BALL-1",NA,"haematopoietic_and_lymphoid_tissue",NA,1047,NA,"haematopoietic_and_lymphoid_tissue"
"BB30-HNC","BB30-HNC",NA,"upper_aerodigestive_tract",NA,536,NA,"upper_aerodigestive_tract"
"BB49-HNC","BB49-HNC",NA,"upper_aerodigestive_tract",NA,537,NA,"upper_aerodigestive_tract"
"BB65-RCC","BB65-RCC",NA,"kidney",NA,538,NA,"kidney"
"BC-1","BC-1",NA,NA,NA,1075,NA,"haematopoietic_and_lymphoid_tissue"
"BC-3","BC-3",NA,"haematopoietic_and_lymphoid_tissue",NA,1074,NA,"haematopoietic_and_lymphoid_tissue"
"BC-3C",NA,"BC-3C",NA,"urinary_tract",NA,46,"urinary_tract"
"BCP-1",NA,"BCP-1",NA,"haematopoietic_and_lymphoid_tissue",NA,47,"haematopoietic_and_lymphoid_tissue"
"BCPAP","BCPAP","B-CPAP","thyroid","thyroid",1108,48,"thyroid"
"BDCM",NA,"BDCM",NA,"haematopoietic_and_lymphoid_tissue",NA,49,"haematopoietic_and_lymphoid_tissue"
"BE-13","BE-13",NA,"haematopoietic_and_lymphoid_tissue",NA,674,NA,"haematopoietic_and_lymphoid_tissue"
"Becker","Becker","Becker","central_nervous_system","central_nervous_system",673,50,"central_nervous_system"
"BEN","BEN","BEN","lung","lung",539,51,"lung"
"BFTC-905","BFTC-905","BFTC-905","urinary_tract","urinary_tract",1081,52,"urinary_tract"
"BFTC-909","BFTC-909","BFTC-909","kidney","kidney",1041,53,"kidney"
"BHT-101","BHT-101","BHT-101","thyroid","thyroid",672,54,"thyroid"
"BHY","BHY","BHY","upper_aerodigestive_tract","upper_aerodigestive_tract",540,55,"upper_aerodigestive_tract"
"BICR 16",NA,"BICR 16",NA,"upper_aerodigestive_tract",NA,56,"upper_aerodigestive_tract"
"BICR 18",NA,"BICR 18",NA,"upper_aerodigestive_tract",NA,57,"upper_aerodigestive_tract"
"BICR 22",NA,"BICR 22",NA,"upper_aerodigestive_tract",NA,58,"upper_aerodigestive_tract"
"BICR 31",NA,"BICR 31",NA,"upper_aerodigestive_tract",NA,59,"upper_aerodigestive_tract"
"BICR 56",NA,"BICR 56",NA,"upper_aerodigestive_tract",NA,60,"upper_aerodigestive_tract"
"BICR 6",NA,"BICR 6",NA,"upper_aerodigestive_tract",NA,61,"upper_aerodigestive_tract"
"BJ hTERT",NA,"BJ hTERT",NA,"skin",NA,62,"skin"
"BL-41","BL-41","BL-41","haematopoietic_and_lymphoid_tissue","haematopoietic_and_lymphoid_tissue",1048,63,"haematopoietic_and_lymphoid_tissue"
"BL-70","BL-70","BL-70","haematopoietic_and_lymphoid_tissue","haematopoietic_and_lymphoid_tissue",1049,64,"haematopoietic_and_lymphoid_tissue"
"BOKU","BOKU",NA,NA,NA,541,NA,"cervix"
"BONNA-12","BONNA-12",NA,NA,NA,671,NA,"haematopoietic_and_lymphoid_tissue"
"BPH-1","BPH-1",NA,NA,NA,1109,NA,"prostate"
"BT-20","BT-20","BT-20","breast","breast",685,65,"breast"
"BT-474",NA,"BT-474",NA,"breast",NA,66,"breast"
"BT-483",NA,"BT-483",NA,"breast",NA,67,"breast"
"BT-549","BT-549","BT-549","breast","breast",629,68,"breast"
"BV-173","BV-173","BV-173","haematopoietic_and_lymphoid_tissue","haematopoietic_and_lymphoid_tissue",1051,69,"haematopoietic_and_lymphoid_tissue"
"BxPC-3","BxPC-3","BxPC-3","pancreas","pancreas",670,70,"pancreas"
"C2BBe1","C2BBe1","C2BBe1","large_intestine","large_intestine",1042,71,"large_intestine"
"C32","C32","C32","skin","skin",708,72,"skin"
"C-33-A","C-33-A",NA,"cervix",NA,435,NA,"cervix"
"C3A","C3A","C3A","liver","liver",1058,73,"liver"
"C-4-II","C-4-II",NA,NA,NA,1026,NA,"cervix"
"C8166","C8166",NA,"haematopoietic_and_lymphoid_tissue",NA,707,NA,"haematopoietic_and_lymphoid_tissue"
"CA46","CA46","CA46","haematopoietic_and_lymphoid_tissue","haematopoietic_and_lymphoid_tissue",1045,74,"haematopoietic_and_lymphoid_tissue"
"Ca9-22","Ca9-22",NA,"upper_aerodigestive_tract",NA,542,NA,"upper_aerodigestive_tract"
"CADO-ES1",NA,"CADO-ES1",NA,"bone",NA,75,"bone"
"CAKI-1","CAKI-1",NA,"kidney",NA,641,NA,"kidney"
"Caki-1",NA,"Caki-1",NA,"kidney",NA,76,"kidney"
"Caki-2",NA,"Caki-2",NA,"kidney",NA,77,"kidney"
"CAL-120","CAL-120","CAL-120","breast","breast",704,78,"breast"
"CAL-12T","CAL-12T","CAL-12T","lung","lung",544,79,"lung"
"CAL-148","CAL-148","CAL-148","breast","breast",1110,80,"breast"
"CAL-27","CAL-27","CAL 27","upper_aerodigestive_tract","upper_aerodigestive_tract",1073,81,"upper_aerodigestive_tract"
"CAL-29",NA,"CAL-29",NA,"urinary_tract",NA,82,"urinary_tract"
"CAL-33","CAL-33","CAL-33","upper_aerodigestive_tract","upper_aerodigestive_tract",545,83,"upper_aerodigestive_tract"
"CAL-39","CAL-39",NA,"vulva",NA,1111,NA,"vulva"
"CAL-51","CAL-51","CAL-51","breast","breast",1082,84,"breast"
"CAL-54","CAL-54","CAL-54","kidney","kidney",1101,85,"kidney"
"CAL-62","CAL-62","CAL-62","thyroid","thyroid",706,86,"thyroid"
"CAL-72","CAL-72",NA,"bone",NA,705,NA,"bone"
"CAL-78",NA,"CAL-78",NA,"bone",NA,87,"bone"
"CAL-85-1","CAL-85-1","CAL-85-1","breast","breast",1060,88,"breast"
"Calu-1","Calu-1","Calu-1","lung","lung",514,89,"lung"
"Calu-3","Calu-3","Calu-3","lung","lung",448,90,"lung"
"Calu-6","Calu-6","Calu-6","lung","lung",515,91,"lung"
"CAMA-1","CAMA-1","CAMA-1","breast","breast",1178,92,"breast"
"Caov-3","Caov-3","Caov-3","ovary","ovary",703,93,"ovary"
"Caov-4","Caov-4","Caov-4","ovary","ovary",1181,94,"ovary"
"CAPAN-1","CAPAN-1","Capan-1","pancreas","pancreas",610,95,"pancreas"
"Capan-2","Capan-2","Capan-2","pancreas","pancreas",1072,96,"pancreas"
"CaR-1","CaR-1",NA,"large_intestine",NA,1112,NA,"large_intestine"
"CAS-1","CAS-1","CAS-1","central_nervous_system","central_nervous_system",1094,97,"central_nervous_system"
"Ca-Ski","Ca-Ski",NA,"cervix",NA,702,NA,"cervix"
"CCF-STTG1","CCF-STTG1","CCF-STTG1","central_nervous_system","central_nervous_system",701,98,"central_nervous_system"
"CCK-81",NA,"CCK-81",NA,"large_intestine",NA,99,"large_intestine"
"CCRF-CEM","CCRF-CEM",NA,"haematopoietic_and_lymphoid_tissue",NA,630,NA,"haematopoietic_and_lymphoid_tissue"
"CESS","CESS",NA,NA,NA,1033,NA,"haematopoietic_and_lymphoid_tissue"
"CFPAC-1","CFPAC-1","CFPAC-1","pancreas","pancreas",700,100,"pancreas"
"CGTH-W-1","CGTH-W-1","CGTH-W-1","thyroid","thyroid",1030,101,"thyroid"
"CH-157MN",NA,"CH-157MN",NA,"central_nervous_system",NA,102,"central_nervous_system"
"ChaGo-K-1","ChaGo-K-1","ChaGo-K-1","lung","lung",446,103,"lung"
"CHL-1","CHL-1","CHL-1","skin","skin",1061,104,"skin"
"CHP-126",NA,"CHP-126",NA,"autonomic_ganglia",NA,105,"autonomic_ganglia"
"CHP-134","CHP-134",NA,NA,NA,1092,NA,"autonomic_ganglia"
"CHP-212","CHP-212","CHP-212","autonomic_ganglia","autonomic_ganglia",699,106,"autonomic_ganglia"
"CI-1",NA,"CI-1",NA,"haematopoietic_and_lymphoid_tissue",NA,107,"haematopoietic_and_lymphoid_tissue"
"CJM",NA,"CJM",NA,"skin",NA,108,"skin"
"CL-11",NA,"CL-11",NA,"large_intestine",NA,109,"large_intestine"
"CL-14",NA,"CL-14",NA,"large_intestine",NA,110,"large_intestine"
"CL-34",NA,"CL-34",NA,"large_intestine",NA,111,"large_intestine"
"CL-40",NA,"CL-40",NA,"large_intestine",NA,112,"large_intestine"
"CMK","CMK","CMK","haematopoietic_and_lymphoid_tissue","haematopoietic_and_lymphoid_tissue",1028,115,"haematopoietic_and_lymphoid_tissue"
"CMK-11-5",NA,"CMK-11-5",NA,"haematopoietic_and_lymphoid_tissue",NA,113,"haematopoietic_and_lymphoid_tissue"
"CMK-86",NA,"CMK-86",NA,"haematopoietic_and_lymphoid_tissue",NA,114,"haematopoietic_and_lymphoid_tissue"
"CML-T1","CML-T1","CML-T1","haematopoietic_and_lymphoid_tissue","haematopoietic_and_lymphoid_tissue",1100,116,"haematopoietic_and_lymphoid_tissue"
"COLO 201",NA,"COLO 201",NA,"large_intestine",NA,117,"large_intestine"
"COLO-205","COLO-205","COLO 205","large_intestine","large_intestine",639,118,"large_intestine"
"COLO-320-HSR","COLO-320-HSR","COLO-320","large_intestine","large_intestine",1031,119,"large_intestine"
"COLO-668","COLO-668","COLO 668","lung","lung",1036,120,"lung"
"COLO-677",NA,"COLO-677",NA,"haematopoietic_and_lymphoid_tissue",NA,121,"haematopoietic_and_lymphoid_tissue"
"COLO-678","COLO-678","COLO-678","large_intestine","large_intestine",1034,122,"large_intestine"
"COLO-679","COLO-679","COLO-679","skin","skin",698,123,"skin"
"COLO-680N","COLO-680N","COLO-680N","oesophagus","oesophagus",697,124,"oesophagus"
"COLO 684",NA,"COLO 684",NA,"endometrium",NA,125,"endometrium"
"COLO-684","COLO-684",NA,"endometrium",NA,1035,NA,"endometrium"
"COLO-704",NA,"COLO-704",NA,"ovary",NA,126,"ovary"
"COLO-720E","COLO-720E",NA,NA,NA,1091,NA,"haematopoietic_and_lymphoid_tissue"
"COLO-741","COLO-741","COLO 741","large_intestine","skin",695,127,"large_intestine"
"COLO 775",NA,"COLO 775",NA,"haematopoietic_and_lymphoid_tissue",NA,128,"haematopoietic_and_lymphoid_tissue"
"COLO-783",NA,"COLO-783",NA,"skin",NA,129,"skin"
"COLO-792","COLO-792","COLO 792",NA,"skin",694,130,"central_nervous_system"
"COLO-800","COLO-800","COLO-800","skin","skin",693,131,"skin"
"COLO-818",NA,"COLO-818",NA,"skin",NA,132,"skin"
"COLO-824","COLO-824",NA,"breast",NA,692,NA,"breast"
"COLO 829",NA,"COLO 829",NA,"skin",NA,133,"skin"
"COLO-849",NA,"COLO-849",NA,"skin",NA,134,"skin"
"COR-L105","COR-L105","COR-L105",NA,"lung",688,135,"lung"
"COR-L23","COR-L23","COR-L23","lung","lung",449,136,"lung"
"COR-L24",NA,"COR-L24",NA,"lung",NA,137,"lung"
"COR-L279","COR-L279","COR-L279","lung","lung",1090,138,"lung"
"COR-L311",NA,"COR-L311",NA,"lung",NA,139,"lung"
"COR-L47",NA,"COR-L47",NA,"lung",NA,140,"lung"
"COR-L51","COR-L51","COR-L51",NA,"lung",NA,141,"lung"
"COR-L88","COR-L88","COR-L88","lung","lung",691,142,"lung"
"COR-L95",NA,"COR-L95",NA,"lung",NA,143,"lung"
"COR-L96CAR","COR-L96CAR",NA,"lung",NA,1212,NA,"lung"
"COV318",NA,"COV318",NA,"ovary",NA,144,"ovary"
"COV362",NA,"COV362",NA,"ovary",NA,145,"ovary"
"COV434",NA,"COV434",NA,"ovary",NA,146,"ovary"
"COV504",NA,"COV504",NA,"ovary",NA,147,"ovary"
"COV644",NA,"COV644",NA,"ovary",NA,148,"ovary"
"CP66-MEL","CP66-MEL",NA,"skin",NA,548,NA,"skin"
"CP67-MEL","CP67-MEL",NA,"skin",NA,1182,NA,"skin"
"CPC-N","CPC-N","CPC-N","lung","lung",549,149,"lung"
"CRO-AP2","CRO-AP2",NA,NA,NA,690,NA,"haematopoietic_and_lymphoid_tissue"
"CRO-AP5","CRO-AP5",NA,NA,NA,689,NA,"haematopoietic_and_lymphoid_tissue"
"CTB-1","CTB-1",NA,"haematopoietic_and_lymphoid_tissue",NA,1179,NA,"haematopoietic_and_lymphoid_tissue"
"CTV-1","CTV-1",NA,"haematopoietic_and_lymphoid_tissue",NA,550,NA,"haematopoietic_and_lymphoid_tissue"
"CW-2","CW-2","CW-2","large_intestine","large_intestine",1027,150,"large_intestine"
"D-245MG","D-245MG",NA,"central_nervous_system",NA,1164,NA,"central_nervous_system"
"D-247MG","D-247MG",NA,"central_nervous_system",NA,1165,NA,"central_nervous_system"
"D-263MG","D-263MG",NA,"central_nervous_system",NA,1166,NA,"central_nervous_system"
"D-283MED","D-283MED","D283 Med",NA,"central_nervous_system",712,151,"central_nervous_system"
"D-336MG","D-336MG",NA,"central_nervous_system",NA,1167,NA,"central_nervous_system"
"D341 Med",NA,"D341 Med",NA,"central_nervous_system",NA,152,"central_nervous_system"
"D-384MED","D-384MED",NA,NA,NA,1175,NA,"central_nervous_system"
"D-392MG","D-392MG",NA,"central_nervous_system",NA,1168,NA,"central_nervous_system"
"D-397MG","D-397MG",NA,"central_nervous_system",NA,1169,NA,"central_nervous_system"
"D-423MG","D-423MG",NA,"central_nervous_system",NA,1170,NA,"central_nervous_system"
"D-458MED","D-458MED",NA,NA,NA,1177,NA,"central_nervous_system"
"D-502MG","D-502MG",NA,"central_nervous_system",NA,1171,NA,"central_nervous_system"
"D-538MG","D-538MG",NA,"central_nervous_system",NA,1172,NA,"central_nervous_system"
"D-542MG","D-542MG",NA,"central_nervous_system",NA,551,NA,"central_nervous_system"
"D-556MED","D-556MED",NA,NA,NA,1176,NA,"central_nervous_system"
"D-566MG","D-566MG",NA,"central_nervous_system",NA,1173,NA,"central_nervous_system"
"DAN-G",NA,"DAN-G",NA,"pancreas",NA,153,"pancreas"
"Daoy","Daoy","Daoy","central_nervous_system","central_nervous_system",711,154,"central_nervous_system"
"Daudi","Daudi","Daudi","haematopoietic_and_lymphoid_tissue","haematopoietic_and_lymphoid_tissue",709,155,"haematopoietic_and_lymphoid_tissue"
"DB","DB","DB","haematopoietic_and_lymphoid_tissue","haematopoietic_and_lymphoid_tissue",710,156,"haematopoietic_and_lymphoid_tissue"
"DBTRG-05MG","DBTRG-05MG","DBTRG-05MG","central_nervous_system","central_nervous_system",713,157,"central_nervous_system"
"DEL","DEL","DEL","haematopoietic_and_lymphoid_tissue","haematopoietic_and_lymphoid_tissue",714,158,"haematopoietic_and_lymphoid_tissue"
"Detroit562","Detroit562","Detroit 562","upper_aerodigestive_tract","upper_aerodigestive_tract",715,159,"upper_aerodigestive_tract"
"DFCI024",NA,"DFCI024",NA,"lung",NA,160,"lung"
"DG-75","DG-75",NA,"haematopoietic_and_lymphoid_tissue",NA,716,NA,"haematopoietic_and_lymphoid_tissue"
"DJM-1","DJM-1",NA,"skin",NA,718,NA,"skin"
"DK-MG","DK-MG","DK-MG","central_nervous_system","central_nervous_system",717,161,"central_nervous_system"
"DLD-1",NA,"DLD-1",NA,"large_intestine",NA,162,"large_intestine"
"DM-3",NA,"DM-3",NA,"pleura",NA,163,"pleura"
"DMS-114","DMS-114","DMS 114","lung","lung",467,164,"lung"
"DMS-153","DMS-153","DMS 153","lung","lung",468,165,"lung"
"DMS-273","DMS-273","DMS 273","lung","lung",469,166,"lung"
"DMS 454",NA,"DMS 454",NA,"lung",NA,167,"lung"
"DMS-53","DMS-53","DMS 53","lung","lung",808,168,"lung"
"DMS-79","DMS-79","DMS 79","lung","lung",552,169,"lung"
"DND-41",NA,"DND-41",NA,"haematopoietic_and_lymphoid_tissue",NA,170,"haematopoietic_and_lymphoid_tissue"
"DOHH-2","DOHH-2","DOHH-2","haematopoietic_and_lymphoid_tissue","haematopoietic_and_lymphoid_tissue",719,171,"haematopoietic_and_lymphoid_tissue"
"DOK","DOK",NA,"upper_aerodigestive_tract",NA,1089,NA,"upper_aerodigestive_tract"
"DoTc2-4510","DoTc2-4510",NA,"cervix",NA,720,NA,"cervix"
"DSH1","DSH1",NA,"urinary_tract",NA,553,NA,"urinary_tract"
"DU-145","DU-145","DU 145","prostate","prostate",613,172,"prostate"
"DU-4475","DU-4475","DU4475","breast","breast",721,173,"breast"
"DV-90","DV-90","DV-90","lung","lung",554,174,"lung"
"EB1",NA,"EB1",NA,"haematopoietic_and_lymphoid_tissue",NA,175,"haematopoietic_and_lymphoid_tissue"
"EB2","EB2","EB2","haematopoietic_and_lymphoid_tissue","haematopoietic_and_lymphoid_tissue",722,176,"haematopoietic_and_lymphoid_tissue"
"EB-3","EB-3",NA,NA,NA,723,NA,"haematopoietic_and_lymphoid_tissue"
"EBC-1",NA,"EBC-1",NA,"lung",NA,177,"lung"
"ECC10",NA,"ECC10",NA,"stomach",NA,178,"stomach"
"ECC12","ECC12","ECC12","stomach","stomach",725,179,"stomach"
"ECC4","ECC4",NA,"gastrointestinal_tract_(site_indeterminate)",NA,726,NA,"gastrointestinal_tract_(site_indeterminate)"
"EC-GI-10","EC-GI-10","EC-GI-10","oesophagus","oesophagus",556,180,"oesophagus"
"EFE-184",NA,"EFE-184",NA,"endometrium",NA,181,"endometrium"
"EFM-19","EFM-19","EFM-19","breast","breast",727,183,"breast"
"EFM-192A",NA,"EFM-192A",NA,"breast",NA,182,"breast"
"EFO-21","EFO-21","EFO-21","ovary","ovary",1103,184,"ovary"
"EFO-27","EFO-27","EFO-27","ovary","ovary",728,185,"ovary"
"EGI-1","EGI-1",NA,"biliary_tract",NA,729,NA,"biliary_tract"
"EHEB","EHEB","EHEB",NA,"haematopoietic_and_lymphoid_tissue",730,186,"haematopoietic_and_lymphoid_tissue"
"EJM",NA,"EJM",NA,"haematopoietic_and_lymphoid_tissue",NA,187,"haematopoietic_and_lymphoid_tissue"
"EKVX","EKVX",NA,"lung",NA,648,NA,"lung"
"EM-2","EM-2","EM-2","haematopoietic_and_lymphoid_tissue","haematopoietic_and_lymphoid_tissue",731,188,"haematopoietic_and_lymphoid_tissue"
"EN",NA,"EN",NA,"endometrium",NA,189,"endometrium"
"EOL-1",NA,"EOL-1",NA,"haematopoietic_and_lymphoid_tissue",NA,190,"haematopoietic_and_lymphoid_tissue"
"EoL-1-cell","EoL-1-cell",NA,"haematopoietic_and_lymphoid_tissue",NA,732,NA,"haematopoietic_and_lymphoid_tissue"
"EPLC-272H","EPLC-272H","EPLC-272H","lung","lung",557,191,"lung"
"ES1","ES1",NA,"bone",NA,1190,NA,"bone"
"ES-2",NA,"ES-2",NA,"ovary",NA,192,"ovary"
"ES3","ES3",NA,"bone",NA,424,NA,"bone"
"ES5","ES5",NA,"bone",NA,425,NA,"bone"
"ES6","ES6",NA,"bone",NA,1189,NA,"bone"
"ES7","ES7",NA,"bone",NA,426,NA,"bone"
"ES8","ES8",NA,"bone",NA,1187,NA,"bone"
"ESS-1","ESS-1","ESS-1","endometrium","endometrium",748,193,"endometrium"
"ETK-1","ETK-1",NA,"biliary_tract",NA,733,NA,"biliary_tract"
"EVSA-T","EVSA-T","EVSA-T","breast","breast",734,194,"breast"
"EW-1","EW-1",NA,"bone",NA,1194,NA,"bone"
"EW-11","EW-11",NA,"bone",NA,427,NA,"bone"
"EW-12","EW-12",NA,"bone",NA,1193,NA,"bone"
"EW-13","EW-13",NA,"bone",NA,1197,NA,"bone"
"EW-16","EW-16",NA,"bone",NA,1196,NA,"bone"
"EW-18","EW-18",NA,"bone",NA,1195,NA,"bone"
"EW-22","EW-22",NA,"bone",NA,1198,NA,"bone"
"EW-24","EW-24",NA,"bone",NA,1199,NA,"bone"
"EW-3","EW-3",NA,NA,NA,1192,NA,"bone"
"EW-7","EW-7",NA,NA,NA,1191,NA,"bone"
"EW8",NA,"EW8",NA,"bone",NA,195,"bone"
"EWS502",NA,"EWS502",NA,"bone",NA,196,"bone"
"F-36P",NA,"F-36P",NA,"haematopoietic_and_lymphoid_tissue",NA,197,"haematopoietic_and_lymphoid_tissue"
"F5",NA,"F5",NA,"central_nervous_system",NA,198,"central_nervous_system"
"FADU","FADU","FaDu","upper_aerodigestive_tract","upper_aerodigestive_tract",735,199,"upper_aerodigestive_tract"
"FTC-133","FTC-133","FTC-133","thyroid","thyroid",736,200,"thyroid"
"FTC-238",NA,"FTC-238",NA,"thyroid",NA,201,"thyroid"
"FU97",NA,"FU97",NA,"stomach",NA,202,"stomach"
"FU-OV-1",NA,"FU-OV-1",NA,"ovary",NA,203,"ovary"
"G-292, clone A141B1",NA,"G-292, clone A141B1",NA,"bone",NA,204,"bone"
"G-361","G-361","G-361","skin","skin",737,205,"skin"
"G-401","G-401","G-401",NA,"soft_tissue",810,206,"kidney"
"G-402",NA,"G-402",NA,"soft_tissue",NA,207,"soft_tissue"
"GA-10",NA,"GA-10",NA,"haematopoietic_and_lymphoid_tissue",NA,208,"haematopoietic_and_lymphoid_tissue"
"GA-10-Clone-20","GA-10-Clone-20",NA,NA,NA,NA,NA,"haematopoietic_and_lymphoid_tissue"
"GA-10-Clone-4","GA-10-Clone-4",NA,"haematopoietic_and_lymphoid_tissue",NA,738,NA,"haematopoietic_and_lymphoid_tissue"
"GAK","GAK",NA,"skin",NA,1085,NA,"skin"
"GAMG","GAMG","GAMG","central_nervous_system","central_nervous_system",739,209,"central_nervous_system"
"GB-1",NA,"GB-1",NA,"central_nervous_system",NA,210,"central_nervous_system"
"GCIY","GCIY","GCIY","stomach","stomach",740,211,"stomach"
"GCT","GCT","GCT","soft_tissue","soft_tissue",747,212,"soft_tissue"
"GDM-1","GDM-1","GDM-1",NA,"haematopoietic_and_lymphoid_tissue",741,213,"haematopoietic_and_lymphoid_tissue"
"GI-1","GI-1","GI-1","central_nervous_system","central_nervous_system",742,214,"central_nervous_system"
"GI-ME-N","GI-ME-N",NA,NA,NA,743,NA,"autonomic_ganglia"
"GMS-10","GMS-10","GMS-10","central_nervous_system","central_nervous_system",744,215,"central_nervous_system"
"GOS-3",NA,"GOS-3",NA,"central_nervous_system",NA,216,"central_nervous_system"
"GOTO","GOTO",NA,"autonomic_ganglia",NA,745,NA,"autonomic_ganglia"
"GOTO-P3","GOTO-P3",NA,NA,NA,NA,NA,"adrenal_gland"
"GP2d",NA,"GP2d",NA,"large_intestine",NA,217,"large_intestine"
"Gp2D","Gp2D",NA,NA,NA,NA,NA,"large_intestine"
"GP5d","GP5d",NA,"large_intestine",NA,807,NA,"large_intestine"
"GRANTA-519",NA,"GRANTA-519",NA,"haematopoietic_and_lymphoid_tissue",NA,218,"haematopoietic_and_lymphoid_tissue"
"GR-M",NA,"GR-M",NA,"skin",NA,219,"skin"
"GR-ST","GR-ST",NA,"haematopoietic_and_lymphoid_tissue",NA,746,NA,"haematopoietic_and_lymphoid_tissue"
"GSS",NA,"GSS",NA,"stomach",NA,220,"stomach"
"GSU",NA,"GSU",NA,"stomach",NA,221,"stomach"
"GT3TKB","GT3TKB",NA,"stomach",NA,749,NA,"stomach"
"H4","H4","H4","central_nervous_system","central_nervous_system",750,222,"central_nervous_system"
"H9","H9",NA,"haematopoietic_and_lymphoid_tissue",NA,751,NA,"haematopoietic_and_lymphoid_tissue"
"HA7-RCC","HA7-RCC",NA,"kidney",NA,558,NA,"kidney"
"HAL-01","HAL-01",NA,"haematopoietic_and_lymphoid_tissue",NA,1185,NA,"haematopoietic_and_lymphoid_tissue"
"HARA",NA,"HARA",NA,"lung",NA,223,"lung"
"HC-1","HC-1",NA,NA,NA,752,NA,"haematopoietic_and_lymphoid_tissue"
"HCC1143","HCC1143","HCC1143","breast","breast",528,224,"breast"
"HCC-1171",NA,"HCC-1171",NA,"lung",NA,225,"lung"
"HCC1187","HCC1187","HCC1187","breast","breast",529,226,"breast"
"HCC-1195",NA,"HCC-1195",NA,"lung",NA,227,"lung"
"HCC-1359",NA,"HCC-1359",NA,"lung",NA,228,"lung"
"HCC1395","HCC1395","HCC1395","breast","breast",530,229,"breast"
"HCC1419","HCC1419","HCC1419","breast","breast",753,230,"breast"
"HCC1428",NA,"HCC1428",NA,"breast",NA,231,"breast"
"HCC-1438",NA,"HCC-1438",NA,"lung",NA,232,"lung"
"HCC-15",NA,"HCC-15",NA,"lung",NA,237,"lung"
"HCC1500",NA,"HCC1500",NA,"breast",NA,233,"breast"
"HCC1569",NA,"HCC1569",NA,"breast",NA,234,"breast"
"HCC-1588",NA,"HCC-1588",NA,"lung",NA,235,"lung"
"HCC1599","HCC1599","HCC1599","breast","breast",531,236,"breast"
"HCC1806","HCC1806","HCC1806","breast","breast",755,238,"breast"
"HCC-1833",NA,"HCC-1833",NA,"lung",NA,239,"lung"
"HCC-1897",NA,"HCC-1897",NA,"lung",NA,240,"lung"
"HCC1937","HCC1937","HCC1937","breast","breast",532,241,"breast"
"HCC1954","HCC1954","HCC1954","breast","breast",527,242,"breast"
"HCC202",NA,"HCC202",NA,"breast",NA,243,"breast"
"HCC-2108",NA,"HCC-2108",NA,"lung",NA,244,"lung"
"HCC2157","HCC2157","HCC2157","breast","breast",533,245,"breast"
"HCC2218","HCC2218","HCC2218","breast","breast",534,246,"breast"
"HCC-2279",NA,"HCC-2279",NA,"lung",NA,247,"lung"
"HCC-2814",NA,"HCC-2814",NA,"lung",NA,248,"lung"
"HCC2935",NA,"HCC2935",NA,"lung",NA,249,"lung"
"HCC2998","HCC2998",NA,"large_intestine",NA,649,NA,"large_intestine"
"HCC-33",NA,"HCC-33",NA,"lung",NA,250,"lung"
"HCC364",NA,"HCC364",NA,"lung",NA,251,"lung"
"HCC-366",NA,"HCC-366",NA,"lung",NA,252,"lung"
"HCC38","HCC38","HCC38","breast","breast",535,253,"breast"
"HCC4006",NA,"HCC4006",NA,"lung",NA,254,"lung"
"HCC-44",NA,"HCC-44",NA,"lung",NA,255,"lung"
"HCC-56",NA,"HCC-56",NA,"large_intestine",NA,256,"large_intestine"
"HCC70","HCC70","HCC70","breast","breast",756,257,"breast"
"HCC-78",NA,"HCC-78",NA,"lung",NA,258,"lung"
"HCC827",NA,"HCC827",NA,"lung",NA,260,"lung"
"HCC-827-GR5",NA,"HCC-827-GR5",NA,"lung",NA,259,"lung"
"HCC-95",NA,"HCC-95",NA,"lung",NA,261,"lung"
"HCE-4","HCE-4",NA,"oesophagus",NA,559,NA,"oesophagus"
"HCE-T","HCE-T",NA,NA,NA,757,NA,"upper_aerodigestive_tract"
"HCT-116","HCT-116","HCT 116","large_intestine","large_intestine",614,262,"large_intestine"
"HCT-15","HCT-15","HCT-15","large_intestine","large_intestine",615,263,"large_intestine"
"HCT-8",NA,"HCT-8",NA,"large_intestine",NA,264,"large_intestine"
"HDLM-2","HDLM-2","HDLM-2","haematopoietic_and_lymphoid_tissue","haematopoietic_and_lymphoid_tissue",1114,265,"haematopoietic_and_lymphoid_tissue"
"HD-MY-Z","HD-MY-Z","HD-MY-Z","haematopoietic_and_lymphoid_tissue","haematopoietic_and_lymphoid_tissue",758,266,"haematopoietic_and_lymphoid_tissue"
"HDQ-P1",NA,"HDQ-P1",NA,"breast",NA,267,"breast"
"HEC-1","HEC-1","HEC-1-B","endometrium","endometrium",759,271,"endometrium"
"HEC-108",NA,"HEC-108",NA,"endometrium",NA,268,"endometrium"
"HEC-151",NA,"HEC-151",NA,"endometrium",NA,269,"endometrium"
"HEC-1-A",NA,"HEC-1-A",NA,"endometrium",NA,270,"endometrium"
"HEC-251",NA,"HEC-251",NA,"endometrium",NA,272,"endometrium"
"HEC-265",NA,"HEC-265",NA,"endometrium",NA,273,"endometrium"
"HEC-50B",NA,"HEC-50B",NA,"endometrium",NA,274,"endometrium"
"HEC-59",NA,"HEC-59",NA,"endometrium",NA,275,"endometrium"
"HEC-6",NA,"HEC-6",NA,"endometrium",NA,276,"endometrium"
"HEK TE",NA,"HEK TE",NA,"kidney",NA,277,"kidney"
"HEL","HEL","HEL","haematopoietic_and_lymphoid_tissue","haematopoietic_and_lymphoid_tissue",760,279,"haematopoietic_and_lymphoid_tissue"
"HEL 92.1.7",NA,"HEL 92.1.7",NA,"haematopoietic_and_lymphoid_tissue",NA,278,"haematopoietic_and_lymphoid_tissue"
"HeLaSF","HeLaSF",NA,"cervix",NA,436,NA,"cervix"
"H-EMC-SS","H-EMC-SS",NA,"bone",NA,806,NA,"bone"
"Hep 3B2.1-7",NA,"Hep 3B2.1-7",NA,"liver",NA,280,"liver"
"Hep G2",NA,"Hep G2",NA,"liver",NA,281,"liver"
"Hey-A8",NA,"Hey-A8",NA,"ovary",NA,282,"ovary"
"HGC-27","HGC-27","HGC-27","stomach","stomach",761,283,"stomach"
"HH","HH","HH","haematopoietic_and_lymphoid_tissue","haematopoietic_and_lymphoid_tissue",762,284,"haematopoietic_and_lymphoid_tissue"
"HK-2",NA,"HK-2",NA,"kidney",NA,285,"kidney"
"HL-60","HL-60","HL-60","haematopoietic_and_lymphoid_tissue","haematopoietic_and_lymphoid_tissue",616,286,"haematopoietic_and_lymphoid_tissue"
"HLC-1",NA,"HLC-1",NA,"lung",NA,287,"lung"
"HLE","HLE","HLE","liver","liver",763,288,"liver"
"HLF",NA,"HLF",NA,"liver",NA,290,"liver"
"HLF-a",NA,"HLF-a",NA,"lung",NA,289,"lung"
"HMC-1-8",NA,"HMC-1-8",NA,"breast",NA,291,"breast"
"HMCB",NA,"HMCB",NA,"skin",NA,292,"skin"
"HMEL",NA,"HMEL",NA,"breast",NA,293,"breast"
"HMV-II","HMV-II",NA,"skin",NA,764,NA,"skin"
"HN","HN",NA,"upper_aerodigestive_tract",NA,765,NA,"upper_aerodigestive_tract"
"HO-1-N-1","HO-1-N-1",NA,"salivary_gland",NA,1115,NA,"salivary_gland"
"HOP-62","HOP-62",NA,"lung",NA,650,NA,"lung"
"HOP-92","HOP-92",NA,"lung",NA,651,NA,"lung"
"HOS","HOS","HOS","bone","bone",766,295,"bone"
"HPAC",NA,"HPAC",NA,"pancreas",NA,296,"pancreas"
"HPAF-II","HPAF-II","HPAF-II","pancreas","pancreas",519,297,"pancreas"
"HPB-ALL",NA,"HPB-ALL",NA,"haematopoietic_and_lymphoid_tissue",NA,298,"haematopoietic_and_lymphoid_tissue"
"Hs 172.T",NA,"Hs 172.T",NA,"urinary_tract",NA,300,"urinary_tract"
"Hs 229.T",NA,"Hs 229.T",NA,"lung",NA,301,"lung"
"Hs 255.T",NA,"Hs 255.T",NA,"large_intestine",NA,302,"large_intestine"
"Hs 274.T",NA,"Hs 274.T",NA,"breast",NA,303,"breast"
"Hs 281.T",NA,"Hs 281.T",NA,"breast",NA,304,"breast"
"Hs 294T",NA,"Hs 294T",NA,"skin",NA,305,"skin"
"Hs 343.T",NA,"Hs 343.T",NA,"breast",NA,306,"breast"
"Hs 571.T",NA,"Hs 571.T",NA,"ovary",NA,307,"ovary"
"Hs-578-T","Hs-578-T","Hs 578T","breast","breast",635,308,"breast"
"Hs 600.T",NA,"Hs 600.T",NA,"skin",NA,309,"skin"
"Hs 604.T",NA,"Hs 604.T",NA,"haematopoietic_and_lymphoid_tissue",NA,310,"haematopoietic_and_lymphoid_tissue"
"Hs 606.T",NA,"Hs 606.T",NA,"breast",NA,311,"breast"
"Hs 611.T",NA,"Hs 611.T",NA,"haematopoietic_and_lymphoid_tissue",NA,312,"haematopoietic_and_lymphoid_tissue"
"Hs 616.T",NA,"Hs 616.T",NA,"haematopoietic_and_lymphoid_tissue",NA,313,"haematopoietic_and_lymphoid_tissue"
"Hs 618.T",NA,"Hs 618.T",NA,"lung",NA,314,"lung"
"Hs 675.T",NA,"Hs 675.T",NA,"large_intestine",NA,315,"large_intestine"
"Hs 683",NA,"Hs 683",NA,"central_nervous_system",NA,316,"central_nervous_system"
"Hs 688(A).T",NA,"Hs 688(A).T",NA,"skin",NA,317,"skin"
"Hs 695T",NA,"Hs 695T",NA,"skin",NA,318,"skin"
"Hs 698.T",NA,"Hs 698.T",NA,"large_intestine",NA,319,"large_intestine"
"Hs 706.T",NA,"Hs 706.T",NA,"bone",NA,320,"bone"
"Hs 729",NA,"Hs 729",NA,"soft_tissue",NA,321,"soft_tissue"
"Hs 737.T",NA,"Hs 737.T",NA,"bone",NA,322,"bone"
"Hs 739.T",NA,"Hs 739.T",NA,"breast",NA,323,"breast"
"Hs 742.T",NA,"Hs 742.T",NA,"breast",NA,324,"breast"
"Hs 746T",NA,"Hs 746T",NA,"stomach",NA,325,"stomach"
"Hs 751.T",NA,"Hs 751.T",NA,"haematopoietic_and_lymphoid_tissue",NA,326,"haematopoietic_and_lymphoid_tissue"
"Hs 766T",NA,"Hs 766T",NA,"pancreas",NA,327,"pancreas"
"Hs 819.T",NA,"Hs 819.T",NA,"bone",NA,328,"bone"
"Hs 821.T",NA,"Hs 821.T",NA,"bone",NA,329,"bone"
"Hs 822.T",NA,"Hs 822.T",NA,"bone",NA,330,"bone"
"Hs 834.T",NA,"Hs 834.T",NA,"skin",NA,331,"skin"
"Hs 839.T",NA,"Hs 839.T",NA,"skin",NA,332,"skin"
"Hs 840.T",NA,"Hs 840.T",NA,"upper_aerodigestive_tract",NA,333,"upper_aerodigestive_tract"
"Hs 852.T",NA,"Hs 852.T",NA,"skin",NA,334,"skin"
"Hs 863.T",NA,"Hs 863.T",NA,"bone",NA,335,"bone"
"Hs 870.T",NA,"Hs 870.T",NA,"bone",NA,336,"bone"
"Hs 888.T",NA,"Hs 888.T",NA,"bone",NA,337,"bone"
"Hs 895.T",NA,"Hs 895.T",NA,"skin",NA,338,"skin"
"Hs 934.T",NA,"Hs 934.T",NA,"skin",NA,339,"skin"
"Hs 936.T",NA,"Hs 936.T",NA,"skin",NA,340,"skin"
"Hs 939.T",NA,"Hs 939.T",NA,"skin",NA,341,"skin"
"Hs 940.T",NA,"Hs 940.T",NA,"skin",NA,342,"skin"
"Hs 944.T",NA,"Hs 944.T",NA,"skin",NA,343,"skin"
"HSC-2","HSC-2","HSC-2","upper_aerodigestive_tract","upper_aerodigestive_tract",561,344,"upper_aerodigestive_tract"
"HSC-3","HSC-3","HSC-3","upper_aerodigestive_tract","upper_aerodigestive_tract",767,345,"upper_aerodigestive_tract"
"HSC-4","HSC-4","HSC-4","upper_aerodigestive_tract","upper_aerodigestive_tract",768,346,"upper_aerodigestive_tract"
"HT","HT","HT","haematopoietic_and_lymphoid_tissue","haematopoietic_and_lymphoid_tissue",769,354,"haematopoietic_and_lymphoid_tissue"
"HT-1080","HT-1080","HT-1080","soft_tissue","soft_tissue",770,347,"soft_tissue"
"HT115",NA,"HT115",NA,"large_intestine",NA,348,"large_intestine"
"HT-1197","HT-1197","HT-1197","urinary_tract","urinary_tract",771,349,"urinary_tract"
"HT-1376","HT-1376","HT-1376","urinary_tract","urinary_tract",772,350,"urinary_tract"
"HT-144","HT-144","HT-144","skin","skin",773,351,"skin"
"HT-29","HT-29","HT-29","large_intestine","large_intestine",617,352,"large_intestine"
"HT-3","HT-3",NA,"cervix",NA,774,NA,"cervix"
"HT55","HT55","HT55","large_intestine","large_intestine",804,353,"large_intestine"
"HTC-C3","HTC-C3",NA,"thyroid",NA,1116,NA,"thyroid"
"HTK-",NA,"HTK-",NA,"haematopoietic_and_lymphoid_tissue",NA,355,"haematopoietic_and_lymphoid_tissue"
"HuCCT1","HuCCT1","HuCCT1","biliary_tract","biliary_tract",775,356,"biliary_tract"
"HuG1-N",NA,"HuG1-N",NA,"stomach",NA,357,"stomach"
"huH-1",NA,"huH-1",NA,"liver",NA,358,"liver"
"HuH-28","HuH-28","HuH28",NA,"biliary_tract",NA,359,"liver"
"HUH-6-clone5","HUH-6-clone5","HuH-6","liver","liver",776,360,"liver"
"HuH-7","HuH-7","HuH-7","liver","liver",777,361,"liver"
"HuNS1","HuNS1","HuNS1",NA,"haematopoietic_and_lymphoid_tissue",NA,362,"haematopoietic_and_lymphoid_tissue"
"HuO-3N1","HuO-3N1",NA,"bone",NA,1016,NA,"bone"
"HuO9","HuO9",NA,"bone",NA,778,NA,"bone"
"HuP-T3","HuP-T3","HUP-T3","pancreas","pancreas",802,363,"pancreas"
"HuP-T4","HuP-T4","HUP-T4","pancreas","pancreas",803,364,"pancreas"
"HuT 102",NA,"HuT 102",NA,"haematopoietic_and_lymphoid_tissue",NA,365,"haematopoietic_and_lymphoid_tissue"
"HuT 78",NA,"HuT 78",NA,"haematopoietic_and_lymphoid_tissue",NA,366,"haematopoietic_and_lymphoid_tissue"
"HUTU-80","HUTU-80","HuTu 80","small_intestine","small_intestine",779,367,"small_intestine"
"IA-LM","IA-LM","IA-LM","lung","lung",1052,368,"lung"
"IGR-1","IGR-1","IGR-1","skin","skin",780,369,"skin"
"IGR-37",NA,"IGR-37",NA,"skin",NA,370,"skin"
"IGR-39",NA,"IGR-39",NA,"skin",NA,371,"skin"
"IGROV-1","IGROV-1","IGROV1","ovary","ovary",646,372,"ovary"
"IM-9","IM-9",NA,"haematopoietic_and_lymphoid_tissue",NA,562,NA,"haematopoietic_and_lymphoid_tissue"
"IM95",NA,"IM95",NA,"stomach",NA,373,"stomach"
"IMR-32",NA,"IMR-32",NA,"autonomic_ganglia",NA,374,"autonomic_ganglia"
"IMR-5","IMR-5",NA,NA,NA,781,NA,"autonomic_ganglia"
"IOMM-Lee",NA,"IOMM-Lee",NA,"central_nervous_system",NA,375,"central_nervous_system"
"IPC-298","IPC-298","IPC-298","skin","skin",782,376,"skin"
"Ishikawa (Heraklio) 02 ER-",NA,"Ishikawa (Heraklio) 02 ER-",NA,"endometrium",NA,377,"endometrium"
"IST-MEL1","IST-MEL1",NA,"skin",NA,783,NA,"skin"
"IST-MES1","IST-MES1","IST-MES1","pleura","pleura",784,378,"pleura"
"IST-MES2",NA,"IST-MES2",NA,"pleura",NA,379,"pleura"
"IST-SL1","IST-SL1",NA,"lung",NA,563,NA,"lung"
"IST-SL2","IST-SL2",NA,"lung",NA,564,NA,"lung"
"ITO-II","ITO-II",NA,NA,NA,1117,NA,"testis"
"J82","J82","J82","urinary_tract","urinary_tract",565,380,"urinary_tract"
"JAR","JAR",NA,NA,NA,785,NA,NA
"JEG-3","JEG-3",NA,NA,NA,786,NA,NA
"JeKo-1",NA,"JeKo-1",NA,"haematopoietic_and_lymphoid_tissue",NA,381,"haematopoietic_and_lymphoid_tissue"
"JH-EsoAd1",NA,"JH-EsoAd1",NA,"oesophagus",NA,382,"oesophagus"
"JHH-1",NA,"JHH-1",NA,"liver",NA,383,"liver"
"JHH-2",NA,"JHH-2",NA,"liver",NA,384,"liver"
"JHH-4",NA,"JHH-4",NA,"liver",NA,385,"liver"
"JHH-5",NA,"JHH-5",NA,"liver",NA,386,"liver"
"JHH-6",NA,"JHH-6",NA,"liver",NA,387,"liver"
"JHH-7",NA,"JHH-7",NA,"liver",NA,388,"liver"
"JHOC-5",NA,"JHOC-5",NA,"ovary",NA,389,"ovary"
"JHOM-1",NA,"JHOM-1",NA,"ovary",NA,390,"ovary"
"JHOM-2B",NA,"JHOM-2B",NA,"ovary",NA,391,"ovary"
"JHOS-2",NA,"JHOS-2",NA,"ovary",NA,392,"ovary"
"JHOS-4",NA,"JHOS-4",NA,"ovary",NA,393,"ovary"
"JHUEM-1",NA,"JHUEM-1",NA,"endometrium",NA,394,"endometrium"
"JHUEM-2",NA,"JHUEM-2",NA,"endometrium",NA,395,"endometrium"
"JHUEM-3",NA,"JHUEM-3",NA,"endometrium",NA,396,"endometrium"
"JIMT-1",NA,"JIMT-1",NA,"breast",NA,398,"breast"
"JiyoyeP-2003","JiyoyeP-2003",NA,"haematopoietic_and_lymphoid_tissue",NA,787,NA,"haematopoietic_and_lymphoid_tissue"
"JJN-3",NA,"JJN-3",NA,"haematopoietic_and_lymphoid_tissue",NA,399,"haematopoietic_and_lymphoid_tissue"
"JK-1",NA,"JK-1",NA,"haematopoietic_and_lymphoid_tissue",NA,400,"haematopoietic_and_lymphoid_tissue"
"JL-1",NA,"JL-1",NA,"pleura",NA,401,"pleura"
"JM1",NA,"JM1",NA,"haematopoietic_and_lymphoid_tissue",NA,402,"haematopoietic_and_lymphoid_tissue"
"JMSU-1",NA,"JMSU-1",NA,"urinary_tract",NA,403,"urinary_tract"
"J-RT3-T3-5","J-RT3-T3-5",NA,"haematopoietic_and_lymphoid_tissue",NA,824,NA,"haematopoietic_and_lymphoid_tissue"
"JURKAT",NA,"JURKAT",NA,"haematopoietic_and_lymphoid_tissue",NA,404,"haematopoietic_and_lymphoid_tissue"
"JURL-MK1",NA,"JURL-MK1",NA,"haematopoietic_and_lymphoid_tissue",NA,405,"haematopoietic_and_lymphoid_tissue"
"JVM-2","JVM-2","JVM-2",NA,"haematopoietic_and_lymphoid_tissue",788,406,"haematopoietic_and_lymphoid_tissue"
"JVM-3","JVM-3","JVM-3","haematopoietic_and_lymphoid_tissue","haematopoietic_and_lymphoid_tissue",789,407,"haematopoietic_and_lymphoid_tissue"
"K029AX",NA,"K029AX",NA,"skin",NA,408,"skin"
"K052","K052","KO52","haematopoietic_and_lymphoid_tissue","haematopoietic_and_lymphoid_tissue",801,451,"haematopoietic_and_lymphoid_tissue"
"K5","K5",NA,"thyroid",NA,1122,NA,"thyroid"
"K-562",NA,"K-562",NA,"haematopoietic_and_lymphoid_tissue",NA,409,"haematopoietic_and_lymphoid_tissue"
"KALS-1","KALS-1","KALS-1","central_nervous_system","central_nervous_system",790,410,"central_nervous_system"
"KARPAS-299","KARPAS-299","KARPAS-299","haematopoietic_and_lymphoid_tissue","haematopoietic_and_lymphoid_tissue",792,411,"haematopoietic_and_lymphoid_tissue"
"KARPAS-422","KARPAS-422","KARPAS-422","haematopoietic_and_lymphoid_tissue","haematopoietic_and_lymphoid_tissue",793,412,"haematopoietic_and_lymphoid_tissue"
"KARPAS-45","KARPAS-45",NA,"haematopoietic_and_lymphoid_tissue",NA,791,NA,"haematopoietic_and_lymphoid_tissue"
"KARPAS-620",NA,"KARPAS-620",NA,"haematopoietic_and_lymphoid_tissue",NA,413,"haematopoietic_and_lymphoid_tissue"
"KASUMI-1","KASUMI-1","KASUMI-1","haematopoietic_and_lymphoid_tissue","haematopoietic_and_lymphoid_tissue",794,414,"haematopoietic_and_lymphoid_tissue"
"KASUMI-2",NA,"KASUMI-2",NA,"haematopoietic_and_lymphoid_tissue",NA,415,"haematopoietic_and_lymphoid_tissue"
"Kasumi-6",NA,"Kasumi-6",NA,"haematopoietic_and_lymphoid_tissue",NA,416,"haematopoietic_and_lymphoid_tissue"
"KATOIII","KATOIII","KATO III","stomach","stomach",795,417,"stomach"
"KCI-MOH1",NA,"KCI-MOH1",NA,"pancreas",NA,418,"pancreas"
"KCL-22",NA,"KCL-22",NA,"haematopoietic_and_lymphoid_tissue",NA,419,"haematopoietic_and_lymphoid_tissue"
"KE-37","KE-37","KE-37","haematopoietic_and_lymphoid_tissue","haematopoietic_and_lymphoid_tissue",796,420,"haematopoietic_and_lymphoid_tissue"
"KE-39",NA,"KE-39",NA,"stomach",NA,421,"stomach"
"KE-97",NA,"KE-97",NA,"haematopoietic_and_lymphoid_tissue",NA,422,"haematopoietic_and_lymphoid_tissue"
"KELLY",NA,"KELLY",NA,"autonomic_ganglia",NA,423,"autonomic_ganglia"
"KG-1",NA,"KG-1",NA,"haematopoietic_and_lymphoid_tissue",NA,425,"haematopoietic_and_lymphoid_tissue"
"KG-1-C",NA,"KG-1-C",NA,"central_nervous_system",NA,424,"central_nervous_system"
"KGN","KGN",NA,"ovary",NA,1118,NA,"ovary"
"KHM-1B",NA,"KHM-1B",NA,"haematopoietic_and_lymphoid_tissue",NA,426,"haematopoietic_and_lymphoid_tissue"
"Ki-JK",NA,"Ki-JK",NA,"haematopoietic_and_lymphoid_tissue",NA,427,"haematopoietic_and_lymphoid_tissue"
"KINGS-1","KINGS-1",NA,"central_nervous_system",NA,798,NA,"central_nervous_system"
"KLE",NA,"KLE",NA,"endometrium",NA,428,"endometrium"
"KLM-1",NA,"KLM-1",NA,"pancreas",NA,429,"pancreas"
"KM12","KM12","KM12","large_intestine","large_intestine",667,430,"large_intestine"
"KMBC-2",NA,"KMBC-2",NA,"urinary_tract",NA,431,"urinary_tract"
"KM-H2","KM-H2","KM-H2","haematopoietic_and_lymphoid_tissue","haematopoietic_and_lymphoid_tissue",1015,432,"haematopoietic_and_lymphoid_tissue"
"KMM-1",NA,"KMM-1",NA,"haematopoietic_and_lymphoid_tissue",NA,433,"haematopoietic_and_lymphoid_tissue"
"KMOE-2","KMOE-2",NA,"haematopoietic_and_lymphoid_tissue",NA,799,NA,"haematopoietic_and_lymphoid_tissue"
"KMRC-1",NA,"KMRC-1",NA,"kidney",NA,434,"kidney"
"KMRC-2",NA,"KMRC-2",NA,"kidney",NA,436,"kidney"
"KMRC-20",NA,"KMRC-20",NA,"kidney",NA,435,"kidney"
"KMRC-3",NA,"KMRC-3",NA,"kidney",NA,437,"kidney"
"KMS-11",NA,"KMS-11",NA,"haematopoietic_and_lymphoid_tissue",NA,438,"haematopoietic_and_lymphoid_tissue"
"KMS-12-BM","KMS-12-BM","KMS-12-BM",NA,"haematopoietic_and_lymphoid_tissue",NA,439,"haematopoietic_and_lymphoid_tissue"
"KMS-12-PE","KMS-12-PE",NA,"haematopoietic_and_lymphoid_tissue",NA,566,NA,"haematopoietic_and_lymphoid_tissue"
"KMS-18",NA,"KMS-18",NA,"haematopoietic_and_lymphoid_tissue",NA,440,"haematopoietic_and_lymphoid_tissue"
"KMS-20",NA,"KMS-20",NA,"haematopoietic_and_lymphoid_tissue",NA,441,"haematopoietic_and_lymphoid_tissue"
"KMS-21BM",NA,"KMS-21BM",NA,"haematopoietic_and_lymphoid_tissue",NA,442,"haematopoietic_and_lymphoid_tissue"
"KMS-26",NA,"KMS-26",NA,"haematopoietic_and_lymphoid_tissue",NA,443,"haematopoietic_and_lymphoid_tissue"
"KMS-27",NA,"KMS-27",NA,"haematopoietic_and_lymphoid_tissue",NA,444,"haematopoietic_and_lymphoid_tissue"
"KMS-28BM",NA,"KMS-28BM",NA,"haematopoietic_and_lymphoid_tissue",NA,445,"haematopoietic_and_lymphoid_tissue"
"KMS-34",NA,"KMS-34",NA,"haematopoietic_and_lymphoid_tissue",NA,446,"haematopoietic_and_lymphoid_tissue"
"KNS-42","KNS-42","KNS-42","central_nervous_system","central_nervous_system",800,447,"central_nervous_system"
"KNS-60",NA,"KNS-60",NA,"central_nervous_system",NA,448,"central_nervous_system"
"KNS-62","KNS-62","KNS-62","lung","lung",567,449,"lung"
"KNS-81-FD","KNS-81-FD","KNS-81","central_nervous_system","central_nervous_system",1120,450,"central_nervous_system"
"KOPN-8",NA,"KOPN-8",NA,"haematopoietic_and_lymphoid_tissue",NA,452,"haematopoietic_and_lymphoid_tissue"
"KOSC-2","KOSC-2",NA,"upper_aerodigestive_tract",NA,568,NA,"upper_aerodigestive_tract"
"KP-2",NA,"KP-2",NA,"pancreas",NA,455,"pancreas"
"KP-3",NA,"KP-3",NA,"pancreas",NA,456,"pancreas"
"KP-4","KP-4","KP4","pancreas","pancreas",569,457,"pancreas"
"KPL-1",NA,"KPL-1",NA,"breast",NA,458,"breast"
"KP-N-RT-BM-1","KP-N-RT-BM-1","KP-N-RT-BM-1","autonomic_ganglia","autonomic_ganglia",1121,459,"autonomic_ganglia"
"KP-N-S19s","KP-N-S19s","KP-N-SI9s","autonomic_ganglia","autonomic_ganglia",816,460,"autonomic_ganglia"
"KP-N-YN","KP-N-YN","KP-N-YN","autonomic_ganglia","autonomic_ganglia",815,461,"autonomic_ganglia"
"KP-N-YS","KP-N-YS",NA,"autonomic_ganglia",NA,1163,NA,"autonomic_ganglia"
"KS-1","KS-1","KS-1","central_nervous_system","central_nervous_system",814,462,"central_nervous_system"
"KU-19-19","KU-19-19","KU-19-19","urinary_tract","urinary_tract",813,463,"urinary_tract"
"KU812",NA,"KU812",NA,"haematopoietic_and_lymphoid_tissue",NA,464,"haematopoietic_and_lymphoid_tissue"
"KURAMOCHI","KURAMOCHI","KURAMOCHI","ovary","ovary",1014,465,"ovary"
"KY821","KY821",NA,"haematopoietic_and_lymphoid_tissue",NA,811,NA,"haematopoietic_and_lymphoid_tissue"
"KYM-1",NA,"KYM-1",NA,"soft_tissue",NA,466,"soft_tissue"
"KYO-1",NA,"KYO-1",NA,"haematopoietic_and_lymphoid_tissue",NA,467,"haematopoietic_and_lymphoid_tissue"
"KYSE-140","KYSE-140","KYSE-140","oesophagus","oesophagus",570,468,"oesophagus"
"KYSE-150","KYSE-150","KYSE-150","oesophagus","oesophagus",817,469,"oesophagus"
"KYSE-180","KYSE-180","KYSE-180","oesophagus","oesophagus",818,470,"oesophagus"
"KYSE-270","KYSE-270","KYSE-270","oesophagus","oesophagus",819,471,"oesophagus"
"KYSE-30",NA,"KYSE-30",NA,"oesophagus",NA,472,"oesophagus"
"KYSE-410","KYSE-410","KYSE-410","oesophagus","oesophagus",571,473,"oesophagus"
"KYSE-450","KYSE-450","KYSE-450","oesophagus","oesophagus",820,474,"oesophagus"
"KYSE-510","KYSE-510","KYSE-510","oesophagus","oesophagus",821,475,"oesophagus"
"KYSE-520","KYSE-520","KYSE-520","oesophagus","oesophagus",572,476,"oesophagus"
"KYSE-70","KYSE-70","KYSE-70","oesophagus","oesophagus",573,477,"oesophagus"
"L-1236",NA,"L-1236",NA,"haematopoietic_and_lymphoid_tissue",NA,478,"haematopoietic_and_lymphoid_tissue"
"L3.3",NA,"L3.3",NA,"pancreas",NA,479,"pancreas"
"L-363","L-363","L-363","haematopoietic_and_lymphoid_tissue","haematopoietic_and_lymphoid_tissue",1123,480,"haematopoietic_and_lymphoid_tissue"
"L-428","L-428","L-428","haematopoietic_and_lymphoid_tissue","haematopoietic_and_lymphoid_tissue",822,481,"haematopoietic_and_lymphoid_tissue"
"L-540","L-540","L-540",NA,"haematopoietic_and_lymphoid_tissue",823,482,"haematopoietic_and_lymphoid_tissue"
"LAMA-84","LAMA-84","LAMA-84","haematopoietic_and_lymphoid_tissue","haematopoietic_and_lymphoid_tissue",825,483,"haematopoietic_and_lymphoid_tissue"
"LAN-1","LAN-1",NA,NA,NA,NA,NA,"autonomic_ganglia"
"LAN-5","LAN-5",NA,NA,NA,NA,NA,"autonomic_ganglia"
"LAN-6","LAN-6",NA,"autonomic_ganglia",NA,1200,NA,"autonomic_ganglia"
"LB1047-RCC","LB1047-RCC",NA,"kidney",NA,574,NA,"kidney"
"LB2241-RCC","LB2241-RCC",NA,"kidney",NA,575,NA,"kidney"
"LB2518-MEL","LB2518-MEL",NA,"skin",NA,576,NA,"skin"
"LB373-MEL-D","LB373-MEL-D",NA,"skin",NA,577,NA,"skin"
"LB647-SCLC","LB647-SCLC",NA,"lung",NA,578,NA,"lung"
"LB771-HNC","LB771-HNC",NA,"upper_aerodigestive_tract",NA,579,NA,"upper_aerodigestive_tract"
"LB831-BLC","LB831-BLC",NA,"urinary_tract",NA,580,NA,"urinary_tract"
"LB996-RCC","LB996-RCC",NA,"kidney",NA,581,NA,"kidney"
"LC-1F","LC-1F","LC-1F","lung","lung",826,484,"lung"
"LC-1/sq-SF",NA,"LC-1/sq-SF",NA,"lung",NA,485,"lung"
"LC4-1","LC4-1",NA,"haematopoietic_and_lymphoid_tissue",NA,828,NA,"haematopoietic_and_lymphoid_tissue"
"LCLC-103H","LCLC-103H","LCLC-103H","lung","lung",582,486,"lung"
"LCLC-97TM1","LCLC-97TM1","LCLC-97TM1","lung","lung",1162,487,"lung"
"Li-7",NA,"Li-7",NA,"liver",NA,488,"liver"
"LK-2","LK-2","LK-2","lung","lung",450,489,"lung"
"LMSU",NA,"LMSU",NA,"stomach",NA,490,"stomach"
"LN-18",NA,"LN-18",NA,"central_nervous_system",NA,491,"central_nervous_system"
"LN-215",NA,"LN-215",NA,"central_nervous_system",NA,492,"central_nervous_system"
"LN-229",NA,"LN-229",NA,"central_nervous_system",NA,493,"central_nervous_system"
"LN-235",NA,"LN-235",NA,"central_nervous_system",NA,494,"central_nervous_system"
"LN-319",NA,"LN-319",NA,"central_nervous_system",NA,495,"central_nervous_system"
"LN-340",NA,"LN-340",NA,"central_nervous_system",NA,496,"central_nervous_system"
"LN382",NA,"LN382",NA,"central_nervous_system",NA,497,"central_nervous_system"
"LN-405","LN-405",NA,"central_nervous_system",NA,1037,NA,"central_nervous_system"
"LN-428",NA,"LN-428",NA,"central_nervous_system",NA,498,"central_nervous_system"
"LN-443",NA,"LN-443",NA,"central_nervous_system",NA,499,"central_nervous_system"
"LN-464",NA,"LN-464",NA,"central_nervous_system",NA,500,"central_nervous_system"
"LNCaP-Clone-FGC","LNCaP-Clone-FGC","LNCaP clone FGC","prostate","prostate",829,501,"prostate"
"LNZ308",NA,"LNZ308",NA,"central_nervous_system",NA,502,"central_nervous_system"
"LOUCY","LOUCY","Loucy","haematopoietic_and_lymphoid_tissue","haematopoietic_and_lymphoid_tissue",830,503,"haematopoietic_and_lymphoid_tissue"
"LOU-NH91",NA,"LOU-NH91",NA,"lung",NA,504,"lung"
"LoVo","LoVo","LoVo","large_intestine","large_intestine",831,505,"large_intestine"
"LOXIMVI","LOXIMVI","LOX IMVI","skin","skin",652,506,"skin"
"LP-1","LP-1","LP-1","haematopoietic_and_lymphoid_tissue","haematopoietic_and_lymphoid_tissue",832,507,"haematopoietic_and_lymphoid_tissue"
"LS-1034","LS-1034","LS1034","large_intestine","large_intestine",1104,508,"large_intestine"
"LS-123","LS-123","LS123","large_intestine","large_intestine",833,509,"large_intestine"
"LS-174T","LS-174T",NA,"large_intestine",NA,834,NA,"large_intestine"
"LS 180",NA,"LS 180",NA,"large_intestine",NA,510,"large_intestine"
"LS-411N","LS-411N","LS411N","large_intestine","large_intestine",835,511,"large_intestine"
"LS-513","LS-513","LS513","large_intestine","large_intestine",836,512,"large_intestine"
"LU-134-A","LU-134-A",NA,"lung",NA,583,NA,"lung"
"LU-135","LU-135",NA,"lung",NA,500,NA,"lung"
"LU-139","LU-139",NA,"lung",NA,497,NA,"lung"
"LU-65","LU-65","LU65","lung","lung",516,513,"lung"
"LU-99A","LU-99A","LU99","lung","lung",837,514,"lung"
"LUDLU-1",NA,"LUDLU-1",NA,"lung",NA,515,"lung"
"LXF-289","LXF-289","LXF-289","lung","lung",585,516,"lung"
"M059J","M059J",NA,"central_nervous_system",NA,1184,NA,"central_nervous_system"
"M059K",NA,"M059K",NA,"central_nervous_system",NA,517,"central_nervous_system"
"M-07e",NA,"M-07e",NA,"haematopoietic_and_lymphoid_tissue",NA,518,"haematopoietic_and_lymphoid_tissue"
"M14","M14",NA,"skin",NA,653,NA,"skin"
"Malme-3M","Malme-3M","Malme-3M","skin","skin",631,519,"skin"
"MC-1010","MC-1010",NA,NA,NA,838,NA,"haematopoietic_and_lymphoid_tissue"
"MC116",NA,"MC116",NA,"haematopoietic_and_lymphoid_tissue",NA,521,"haematopoietic_and_lymphoid_tissue"
"MCAS",NA,"MCAS",NA,"ovary",NA,522,"ovary"
"MCF7","MCF7","MCF7","breast","breast",624,523,"breast"
"MC-IXC","MC-IXC",NA,NA,NA,840,NA,"central_nervous_system"
"MDA-MB-134-VI","MDA-MB-134-VI","MDA-MB-134-VI","breast","breast",841,524,"breast"
"MDA-MB-157","MDA-MB-157","MDA-MB-157","breast","breast",1134,525,"breast"
"MDA-MB-175-VII","MDA-MB-175-VII","MDA-MB-175-VII",NA,"breast",842,526,"breast"
"MDA-MB-231","MDA-MB-231","MDA-MB-231","breast","breast",638,527,"breast"
"MDA-MB-361","MDA-MB-361","MDA-MB-361","breast","breast",843,528,"breast"
"MDA-MB-415","MDA-MB-415","MDA-MB-415","breast","breast",1124,529,"breast"
"MDA-MB-435","MDA-MB-435",NA,"skin",NA,666,NA,"skin"
"MDA-MB-435S",NA,"MDA-MB-435S",NA,"skin",NA,530,"skin"
"MDA-MB-436",NA,"MDA-MB-436",NA,"breast",NA,531,"breast"
"MDA-MB-453","MDA-MB-453","MDA-MB-453","breast","breast",844,532,"breast"
"MDA-MB-468","MDA-MB-468","MDA-MB-468","breast","breast",845,533,"breast"
"MDA PCa 2b",NA,"MDA PCa 2b",NA,"prostate",NA,534,"prostate"
"MDST8",NA,"MDST8",NA,"large_intestine",NA,535,"large_intestine"
"ME-1",NA,"ME-1",NA,"haematopoietic_and_lymphoid_tissue",NA,536,"haematopoietic_and_lymphoid_tissue"
"ME-180","ME-180",NA,"cervix",NA,437,NA,"cervix"
"MEC-1",NA,"MEC-1",NA,"haematopoietic_and_lymphoid_tissue",NA,537,"haematopoietic_and_lymphoid_tissue"
"MEC-2",NA,"MEC-2",NA,"haematopoietic_and_lymphoid_tissue",NA,538,"haematopoietic_and_lymphoid_tissue"
"MEG-01","MEG-01","MEG-01","haematopoietic_and_lymphoid_tissue","haematopoietic_and_lymphoid_tissue",848,539,"haematopoietic_and_lymphoid_tissue"
"MEL-HO","MEL-HO","MEL-HO","skin","skin",846,540,"skin"
"MEL-JUSO","MEL-JUSO","MEL-JUSO","skin","skin",847,541,"skin"
"MES-SA","MES-SA","MES-SA","soft_tissue","soft_tissue",849,542,"soft_tissue"
"Mewo","Mewo","MeWo","skin","skin",850,543,"skin"
"MFE-280","MFE-280","MFE-280","endometrium","endometrium",851,544,"endometrium"
"MFE-296","MFE-296","MFE-296","endometrium","endometrium",852,545,"endometrium"
"MFE-319",NA,"MFE-319",NA,"endometrium",NA,546,"endometrium"
"MFH-ino","MFH-ino",NA,"soft_tissue",NA,1139,NA,"soft_tissue"
"MFM-223","MFM-223",NA,"breast",NA,1098,NA,"breast"
"MG-63","MG-63","MG-63","bone","bone",853,547,"bone"
"MHH-CALL-2","MHH-CALL-2","MHH-CALL-2","haematopoietic_and_lymphoid_tissue","haematopoietic_and_lymphoid_tissue",854,548,"haematopoietic_and_lymphoid_tissue"
"MHH-CALL-3",NA,"MHH-CALL-3",NA,"haematopoietic_and_lymphoid_tissue",NA,549,"haematopoietic_and_lymphoid_tissue"
"MHH-CALL-4","MHH-CALL-4","MHH-CALL-4","haematopoietic_and_lymphoid_tissue","haematopoietic_and_lymphoid_tissue",855,550,"haematopoietic_and_lymphoid_tissue"
"MHH-ES-1","MHH-ES-1","MHH-ES-1","bone","bone",856,551,"bone"
"MHH-NB-11","MHH-NB-11","MHH-NB-11","autonomic_ganglia","autonomic_ganglia",857,552,"autonomic_ganglia"
"MHH-PREB-1","MHH-PREB-1",NA,"haematopoietic_and_lymphoid_tissue",NA,858,NA,"haematopoietic_and_lymphoid_tissue"
"MIA-PaCa-2","MIA-PaCa-2","MIA PaCa-2","pancreas","pancreas",520,553,"pancreas"
"Mino",NA,"Mino",NA,"haematopoietic_and_lymphoid_tissue",NA,554,"haematopoietic_and_lymphoid_tissue"
"MJ","MJ","MJ",NA,"haematopoietic_and_lymphoid_tissue",NA,555,"haematopoietic_and_lymphoid_tissue"
"MKN1","MKN1","MKN1","stomach","stomach",859,556,"stomach"
"MKN28","MKN28",NA,"stomach",NA,860,NA,"stomach"
"MKN45","MKN45","MKN-45","stomach","stomach",1136,557,"stomach"
"MKN7","MKN7","MKN7","stomach","stomach",1133,559,"stomach"
"MKN74",NA,"MKN74",NA,"stomach",NA,558,"stomach"
"ML-1",NA,"ML-1",NA,"thyroid",NA,560,"thyroid"
"ML-2","ML-2",NA,"haematopoietic_and_lymphoid_tissue",NA,861,NA,"haematopoietic_and_lymphoid_tissue"
"MM1-S",NA,"MM1-S",NA,"haematopoietic_and_lymphoid_tissue",NA,561,"haematopoietic_and_lymphoid_tissue"
"MMAC-SF","MMAC-SF",NA,"skin",NA,1135,NA,"skin"
"MN-60","MN-60",NA,"haematopoietic_and_lymphoid_tissue",NA,863,NA,"haematopoietic_and_lymphoid_tissue"
"MOG-G-CCM","MOG-G-CCM","MOG-G-CCM",NA,"central_nervous_system",864,562,"central_nervous_system"
"MOG-G-UVW","MOG-G-UVW","MOG-G-UVW",NA,"central_nervous_system",865,563,"central_nervous_system"
"MOLM-13",NA,"MOLM-13",NA,"haematopoietic_and_lymphoid_tissue",NA,564,"haematopoietic_and_lymphoid_tissue"
"MOLM-16",NA,"MOLM-16",NA,"haematopoietic_and_lymphoid_tissue",NA,565,"haematopoietic_and_lymphoid_tissue"
"MOLM-6",NA,"MOLM-6",NA,"haematopoietic_and_lymphoid_tissue",NA,566,"haematopoietic_and_lymphoid_tissue"
"MOLP-2",NA,"MOLP-2",NA,"haematopoietic_and_lymphoid_tissue",NA,567,"haematopoietic_and_lymphoid_tissue"
"MOLP-8",NA,"MOLP-8",NA,"haematopoietic_and_lymphoid_tissue",NA,568,"haematopoietic_and_lymphoid_tissue"
"MOLT-13","MOLT-13","MOLT-13","haematopoietic_and_lymphoid_tissue","haematopoietic_and_lymphoid_tissue",866,569,"haematopoietic_and_lymphoid_tissue"
"MOLT-16","MOLT-16","MOLT-16","haematopoietic_and_lymphoid_tissue","haematopoietic_and_lymphoid_tissue",867,570,"haematopoietic_and_lymphoid_tissue"
"MOLT-4","MOLT-4","MOLT-4","haematopoietic_and_lymphoid_tissue","haematopoietic_and_lymphoid_tissue",636,571,"haematopoietic_and_lymphoid_tissue"
"MONO-MAC-1",NA,"MONO-MAC-1",NA,"haematopoietic_and_lymphoid_tissue",NA,572,"haematopoietic_and_lymphoid_tissue"
"MONO-MAC-6","MONO-MAC-6","MONO-MAC-6","haematopoietic_and_lymphoid_tissue","haematopoietic_and_lymphoid_tissue",868,573,"haematopoietic_and_lymphoid_tissue"
"MOR/CPR",NA,"MOR/CPR",NA,"lung",NA,574,"lung"
"MOTN-1",NA,"MOTN-1",NA,"haematopoietic_and_lymphoid_tissue",NA,575,"haematopoietic_and_lymphoid_tissue"
"MPP-89","MPP-89","MPP 89","pleura","pleura",870,576,"pleura"
"MRK-nu-1","MRK-nu-1",NA,"breast",NA,871,NA,"breast"
"MS-1","MS-1",NA,"lung",NA,586,NA,"lung"
"MSTO-211H","MSTO-211H","MSTO-211H","pleura","pleura",872,577,"pleura"
"MUTZ-1","MUTZ-1",NA,"haematopoietic_and_lymphoid_tissue",NA,873,NA,"haematopoietic_and_lymphoid_tissue"
"MUTZ-5",NA,"MUTZ-5",NA,"haematopoietic_and_lymphoid_tissue",NA,579,"haematopoietic_and_lymphoid_tissue"
"MV-4-11",NA,"MV-4-11",NA,"haematopoietic_and_lymphoid_tissue",NA,580,"haematopoietic_and_lymphoid_tissue"
"MZ2-MEL","MZ2-MEL",NA,"skin",NA,1213,NA,"skin"
"MZ7-mel","MZ7-mel",NA,"skin",NA,588,NA,"skin"
"NALM-1","NALM-1","NALM-1","haematopoietic_and_lymphoid_tissue","haematopoietic_and_lymphoid_tissue",875,582,"haematopoietic_and_lymphoid_tissue"
"NALM-19",NA,"NALM-19",NA,"haematopoietic_and_lymphoid_tissue",NA,581,"haematopoietic_and_lymphoid_tissue"
"NALM-6","NALM-6","NALM-6","haematopoietic_and_lymphoid_tissue","haematopoietic_and_lymphoid_tissue",876,583,"haematopoietic_and_lymphoid_tissue"
"NAMALWA",NA,"NAMALWA",NA,"haematopoietic_and_lymphoid_tissue",NA,584,"haematopoietic_and_lymphoid_tissue"
"NB1","NB1","NB-1",NA,"autonomic_ganglia",1209,585,"autonomic_ganglia"
"NB10","NB10",NA,"autonomic_ganglia",NA,1201,NA,"autonomic_ganglia"
"NB12","NB12",NA,NA,NA,1202,NA,"autonomic_ganglia"
"NB13","NB13",NA,"autonomic_ganglia",NA,1207,NA,"autonomic_ganglia"
"NB14","NB14",NA,"autonomic_ganglia",NA,1208,NA,"autonomic_ganglia"
"NB16","NB16",NA,NA,NA,NA,NA,"autonomic_ganglia"
"NB17","NB17",NA,NA,NA,1205,NA,"autonomic_ganglia"
"NB19","NB19",NA,NA,NA,NA,NA,"autonomic_ganglia"
"NB4","NB4","NB-4",NA,"haematopoietic_and_lymphoid_tissue",255,586,"haematopoietic_and_lymphoid_tissue"
"NB5","NB5",NA,NA,NA,1206,NA,"autonomic_ganglia"
"NB6","NB6",NA,"autonomic_ganglia",NA,1203,NA,"autonomic_ganglia"
"NB69","NB69",NA,NA,NA,878,NA,"autonomic_ganglia"
"NB7","NB7",NA,"autonomic_ganglia",NA,1204,NA,"autonomic_ganglia"
"NBsusSR","NBsusSR",NA,"autonomic_ganglia",NA,1138,NA,"autonomic_ganglia"
"NCCIT","NCCIT",NA,"testis",NA,879,NA,"testis"
"NCC-StC-K140",NA,"NCC-StC-K140",NA,"stomach",NA,587,"stomach"
"NCI-ADR-RES","NCI-ADR-RES",NA,"ovary",NA,665,NA,"ovary"
"NCI-H1048","NCI-H1048","NCI-H1048","lung","lung",470,588,"lung"
"NCI-H1092","NCI-H1092","NCI-H1092","lung","lung",471,589,"lung"
"NCI-H1105","NCI-H1105","NCI-H1105","lung","lung",905,590,"lung"
"NCI-H1155","NCI-H1155","NCI-H1155","lung","lung",904,591,"lung"
"NCI-H1184",NA,"NCI-H1184",NA,"lung",NA,592,"lung"
"NCI-H1299","NCI-H1299","NCI-H1299","lung","lung",509,593,"lung"
"NCI-H1304","NCI-H1304",NA,"lung",NA,591,NA,"lung"
"NCI-H1339",NA,"NCI-H1339",NA,"lung",NA,594,"lung"
"NCI-H1341",NA,"NCI-H1341",NA,"lung",NA,595,"lung"
"NCI-H1355","NCI-H1355","NCI-H1355","lung","lung",517,596,"lung"
"NCI-H1373",NA,"NCI-H1373",NA,"lung",NA,597,"lung"
"NCI-H1385",NA,"NCI-H1385",NA,"lung",NA,598,"lung"
"NCI-H1395","NCI-H1395","NCI-H1395","lung","lung",429,599,"lung"
"NCI-H1435",NA,"NCI-H1435",NA,"lung",NA,600,"lung"
"NCI-H1436","NCI-H1436","NCI-H1436","lung","lung",906,601,"lung"
"NCI-H1437","NCI-H1437","NCI-H1437","lung","lung",451,602,"lung"
"NCI-H146","NCI-H146","NCI-H146","lung","lung",1063,603,"lung"
"NCI-H1522","NCI-H1522",NA,"lung",NA,901,NA,"lung"
"NCI-H1563","NCI-H1563","NCI-H1563","lung","lung",592,604,"lung"
"NCI-H1568",NA,"NCI-H1568",NA,"lung",NA,605,"lung"
"NCI-H157","NCI-H157",NA,"lung",NA,1102,NA,"lung"
"NCI-H1573","NCI-H1573","NCI-H1573","lung","lung",909,606,"lung"
"NCI-H1581",NA,"NCI-H1581",NA,"lung",NA,607,"lung"
"NCI-H1618","NCI-H1618","NCI-H1618","lung","lung",593,608,"lung"
"NCI-H1623",NA,"NCI-H1623",NA,"lung",NA,609,"lung"
"NCI-H1648",NA,"NCI-H1648",NA,"lung",NA,610,"lung"
"NCI-H1650","NCI-H1650","NCI-H1650","lung","lung",454,611,"lung"
"NCI-H1651","NCI-H1651","NCI-H1651","lung","lung",1064,612,"lung"
"NCI-H1666","NCI-H1666","NCI-H1666","lung","lung",910,613,"lung"
"NCI-H1693","NCI-H1693","NCI-H1693","lung","lung",455,614,"lung"
"NCI-H1694",NA,"NCI-H1694",NA,"lung",NA,615,"lung"
"NCI-H1703","NCI-H1703","NCI-H1703","lung","lung",911,616,"lung"
"NCI-H1734",NA,"NCI-H1734",NA,"lung",NA,617,"lung"
"NCI-H1755","NCI-H1755","NCI-H1755","lung","lung",912,618,"lung"
"NCI-H1770","NCI-H1770",NA,"lung",NA,456,NA,"lung"
"NCI-H1781",NA,"NCI-H1781",NA,"lung",NA,619,"lung"
"NCI-H1792","NCI-H1792","NCI-H1792","lung","lung",518,620,"lung"
"NCI-H1793","NCI-H1793","NCI-H1793","lung","lung",900,621,"lung"
"NCI-H1836",NA,"NCI-H1836",NA,"lung",NA,622,"lung"
"NCI-H1838","NCI-H1838","NCI-H1838","lung","lung",457,623,"lung"
"NCI-H1869",NA,"NCI-H1869",NA,"lung",NA,624,"lung"
"NCI-H1876",NA,"NCI-H1876",NA,"lung",NA,625,"lung"
"NCI-H1915",NA,"NCI-H1915",NA,"lung",NA,626,"lung"
"NCI-H1930","NCI-H1930","NCI-H1930","lung","lung",1129,627,"lung"
"NCI-H1944",NA,"NCI-H1944",NA,"lung",NA,628,"lung"
"NCI-H196",NA,"NCI-H196",NA,"lung",NA,630,"lung"
"NCI-H1963",NA,"NCI-H1963",NA,"lung",NA,629,"lung"
"NCI-H1975","NCI-H1975","NCI-H1975","lung","lung",1128,631,"lung"
"NCI-H1993","NCI-H1993",NA,"lung",NA,913,NA,"lung"
"NCI-H2009","NCI-H2009","NCI-H2009","lung","lung",522,632,"lung"
"NCI-H2023",NA,"NCI-H2023",NA,"lung",NA,633,"lung"
"NCI-H2029","NCI-H2029","NCI-H2029","lung","lung",478,634,"lung"
"NCI-H2030","NCI-H2030","NCI-H2030","lung","lung",502,635,"lung"
"NCI-H2052","NCI-H2052","NCI-H2052","pleura","pleura",492,636,"pleura"
"NCI-H2066",NA,"NCI-H2066",NA,"lung",NA,637,"lung"
"NCI-H2081","NCI-H2081","NCI-H2081","lung","lung",915,639,"lung"
"NCI-H2085",NA,"NCI-H2085",NA,"lung",NA,640,"lung"
"NCI-H2087","NCI-H2087","NCI-H2087","lung","lung",510,641,"lung"
"NCI-H209","NCI-H209","NCI-H209","lung","lung",479,642,"lung"
"NCI-H2106",NA,"NCI-H2106",NA,"lung",NA,643,"lung"
"NCI-H2107","NCI-H2107",NA,"lung",NA,1130,NA,"lung"
"NCI-H211",NA,"NCI-H211",NA,"lung",NA,645,"lung"
"NCI-H2110",NA,"NCI-H2110",NA,"lung",NA,644,"lung"
"NCI-H2122",NA,"NCI-H2122",NA,"lung",NA,646,"lung"
"NCI-H2126","NCI-H2126","NCI-H2126","lung","lung",459,647,"lung"
"NCI-H2141","NCI-H2141","NCI-H2141","lung","lung",480,648,"lung"
"NCI-H2170","NCI-H2170","NCI-H2170","lung","lung",460,649,"lung"
"NCI-H2171","NCI-H2171","NCI-H2171","lung","lung",481,650,"lung"
"NCI-H2172",NA,"NCI-H2172",NA,"lung",NA,651,"lung"
"NCI-H2196","NCI-H2196","NCI-H2196","lung","lung",916,652,"lung"
"NCI-H2227","NCI-H2227","NCI-H2227","lung","lung",482,653,"lung"
"NCI-H2228","NCI-H2228","NCI-H2228","lung","lung",461,654,"lung"
"NCI-H226","NCI-H226","NCI-H226","lung","lung",619,655,"lung"
"NCI-H2286",NA,"NCI-H2286",NA,"lung",NA,656,"lung"
"NCI-H2291","NCI-H2291","NCI-H2291","lung","lung",523,657,"lung"
"NCI-H23","NCI-H23","NCI-H23","lung","lung",620,660,"lung"
"NCI-H2330","NCI-H2330",NA,"lung",NA,483,NA,"lung"
"NCI-H2342","NCI-H2342","NCI-H2342","lung","lung",462,658,"lung"
"NCI-H2347","NCI-H2347","NCI-H2347","lung","lung",463,659,"lung"
"NCI-H2405","NCI-H2405","NCI-H2405","lung","lung",464,661,"lung"
"NCI-H2444",NA,"NCI-H2444",NA,"lung",NA,662,"lung"
"NCI-H2452","NCI-H2452","NCI-H2452","pleura","pleura",899,663,"pleura"
"NCI-H250","NCI-H250",NA,"lung",NA,1125,NA,"lung"
"NCI-H28","NCI-H28","NCI-H28","pleura","pleura",907,664,"pleura"
"NCI-H292","NCI-H292","NCI-H292","lung","lung",595,665,"lung"
"NCI-H295","NCI-H295",NA,"adrenal_gland",NA,903,NA,"adrenal_gland"
"NCI-H322",NA,"NCI-H322",NA,"lung",NA,666,"lung"
"NCI-H3255",NA,"NCI-H3255",NA,"lung",NA,667,"lung"
"NCI-H345","NCI-H345",NA,"lung",NA,484,NA,"lung"
"NCI-H358","NCI-H358","NCI-H358","lung","lung",902,668,"lung"
"NCI-H378","NCI-H378",NA,"lung",NA,485,NA,"lung"
"NCI-H441","NCI-H441","NCI-H441","lung","lung",897,669,"lung"
"NCI-H446","NCI-H446","NCI-H446","lung","lung",486,670,"lung"
"NCI-H460","NCI-H460","NCI-H460","lung","lung",621,671,"lung"
"NCI-H508","NCI-H508","NCI-H508","large_intestine","large_intestine",880,672,"large_intestine"
"NCI-H510A","NCI-H510A","NCI-H510","lung","lung",596,673,"lung"
"NCI-H520","NCI-H520","NCI-H520","lung","lung",881,674,"lung"
"NCI-H522","NCI-H522","NCI-H522","lung","lung",622,675,"lung"
"NCI-H524","NCI-H524","NCI-H524","lung","lung",918,676,"lung"
"NCI-H526","NCI-H526","NCI-H526","lung","lung",487,677,"lung"
"NCI-H596","NCI-H596","NCI-H596","lung","lung",896,678,"lung"
"NCI-H630","NCI-H630",NA,"large_intestine",NA,917,NA,"large_intestine"
"NCI-H64","NCI-H64",NA,"lung",NA,488,NA,"lung"
"NCI-H647",NA,"NCI-H647",NA,"lung",NA,679,"lung"
"NCI-H650","NCI-H650","NCI-H650","lung","lung",505,680,"lung"
"NCI-H660",NA,"NCI-H660",NA,"prostate",NA,681,"prostate"
"NCI-H661","NCI-H661","NCI-H661","lung","lung",465,682,"lung"
"NCI-H684",NA,"NCI-H684",NA,"liver",NA,683,"liver"
"NCI-H69",NA,"NCI-H69",NA,"lung",NA,684,"lung"
"NCI-H716","NCI-H716","NCI-H716","large_intestine","large_intestine",895,685,"large_intestine"
"NCI-H727","NCI-H727","NCI-H727","lung","lung",513,686,"lung"
"NCI-H747","NCI-H747","NCI-H747","large_intestine","large_intestine",894,687,"large_intestine"
"NCI-H810","NCI-H810","NCI-H810","lung","lung",1137,688,"lung"
"NCI-H82","NCI-H82","NCI-H82","lung","lung",490,689,"lung"
"NCI-H838","NCI-H838","NCI-H838","lung","lung",1019,690,"lung"
"NCI-H841",NA,"NCI-H841",NA,"lung",NA,691,"lung"
"NCI-H854",NA,"NCI-H854",NA,"lung",NA,692,"lung"
"NCI-H889","NCI-H889","NCI-H889","lung","lung",893,693,"lung"
"NCI-H929",NA,"NCI-H929",NA,"haematopoietic_and_lymphoid_tissue",NA,694,"haematopoietic_and_lymphoid_tissue"
"NCI-N417","NCI-N417",NA,"lung",NA,491,NA,"lung"
"NCI-N87","NCI-N87","NCI-N87","stomach","stomach",898,695,"stomach"
"NCI-SNU-1","NCI-SNU-1","SNU-1","stomach","stomach",882,883,"stomach"
"NCI-SNU-16","NCI-SNU-16","SNU-16","stomach","stomach",884,880,"stomach"
"NCI-SNU-5","NCI-SNU-5","SNU-5","stomach","stomach",883,905,"stomach"
"NCO2",NA,"NCO2",NA,"haematopoietic_and_lymphoid_tissue",NA,696,"haematopoietic_and_lymphoid_tissue"
"NEC8","NEC8",NA,NA,NA,1093,NA,"testis"
"NH-12","NH-12",NA,"autonomic_ganglia",NA,885,NA,"autonomic_ganglia"
"NH-6","NH-6","NH-6",NA,"autonomic_ganglia",1140,697,"autonomic_ganglia"
"NKM-1","NKM-1",NA,"haematopoietic_and_lymphoid_tissue",NA,886,NA,"haematopoietic_and_lymphoid_tissue"
"NMC-G1","NMC-G1","NMC-G1","central_nervous_system","central_nervous_system",887,699,"central_nervous_system"
"no-10","no-10",NA,"central_nervous_system",NA,890,NA,"central_nervous_system"
"no-11","no-11",NA,"central_nervous_system",NA,888,NA,"central_nervous_system"
"NOMO-1","NOMO-1","NOMO-1","haematopoietic_and_lymphoid_tissue","haematopoietic_and_lymphoid_tissue",889,700,"haematopoietic_and_lymphoid_tissue"
"NOS-1","NOS-1",NA,"bone",NA,1141,NA,"bone"
"NTERA-S-cl-D1","NTERA-S-cl-D1",NA,NA,NA,891,NA,"testis"
"NU-DHL-1",NA,"NU-DHL-1",NA,"haematopoietic_and_lymphoid_tissue",NA,701,"haematopoietic_and_lymphoid_tissue"
"NU-DUL-1",NA,"NU-DUL-1",NA,"haematopoietic_and_lymphoid_tissue",NA,702,"haematopoietic_and_lymphoid_tissue"
"NUGC-2",NA,"NUGC-2",NA,"stomach",NA,703,"stomach"
"NUGC-3","NUGC-3","NUGC-3","stomach","stomach",892,704,"stomach"
"NUGC-4",NA,"NUGC-4",NA,"stomach",NA,705,"stomach"
"NY","NY",NA,NA,NA,1057,NA,"bone"
"OAW-28","OAW-28","OAW28","ovary","ovary",1161,706,"ovary"
"OAW-42","OAW-42","OAW42","ovary","ovary",1024,707,"ovary"
"OC-314","OC-314","OC 314","ovary","ovary",928,708,"ovary"
"OC 315",NA,"OC 315",NA,"ovary",NA,709,"ovary"
"OC 316",NA,"OC 316",NA,"ovary",NA,710,"ovary"
"OCI-AML2","OCI-AML2","OCI-AML2",NA,"haematopoietic_and_lymphoid_tissue",1097,711,"haematopoietic_and_lymphoid_tissue"
"OCI-AML3",NA,"OCI-AML3",NA,"haematopoietic_and_lymphoid_tissue",NA,712,"haematopoietic_and_lymphoid_tissue"
"OCI-AML5",NA,"OCI-AML5",NA,"haematopoietic_and_lymphoid_tissue",NA,713,"haematopoietic_and_lymphoid_tissue"
"OCI-LY10",NA,"OCI-LY10",NA,"haematopoietic_and_lymphoid_tissue",NA,714,"haematopoietic_and_lymphoid_tissue"
"OCI-LY-19",NA,"OCI-LY-19",NA,"haematopoietic_and_lymphoid_tissue",NA,715,"haematopoietic_and_lymphoid_tissue"
"OCI-LY3",NA,"OCI-LY3",NA,"haematopoietic_and_lymphoid_tissue",NA,716,"haematopoietic_and_lymphoid_tissue"
"OCI-M1",NA,"OCI-M1",NA,"haematopoietic_and_lymphoid_tissue",NA,717,"haematopoietic_and_lymphoid_tissue"
"OCUB-M","OCUB-M",NA,"breast",NA,927,NA,"breast"
"OCUM-1",NA,"OCUM-1",NA,"stomach",NA,718,"stomach"
"OE19","OE19","OE19","oesophagus","oesophagus",1017,719,"oesophagus"
"OE33","OE33","OE33","oesophagus","oesophagus",1025,721,"oesophagus"
"OELE",NA,"OELE",NA,"ovary",NA,722,"ovary"
"OMC-1","OMC-1",NA,"cervix",NA,1186,NA,"cervix"
"ONCO-DG-1",NA,"ONCO-DG-1",NA,"ovary",NA,723,"ovary"
"ONS-76","ONS-76","ONS-76","central_nervous_system","central_nervous_system",920,724,"central_nervous_system"
"OPM-2","OPM-2","OPM-2","haematopoietic_and_lymphoid_tissue","haematopoietic_and_lymphoid_tissue",921,725,"haematopoietic_and_lymphoid_tissue"
"OS-RC-2","OS-RC-2","OS-RC-2","kidney","kidney",922,726,"kidney"
"OUMS-23",NA,"OUMS-23",NA,"large_intestine",NA,727,"large_intestine"
"OUMS-27",NA,"OUMS-27",NA,"bone",NA,728,"bone"
"OV56",NA,"OV56",NA,"ovary",NA,729,"ovary"
"OV7",NA,"OV7",NA,"ovary",NA,730,"ovary"
"OV-90",NA,"OV-90",NA,"ovary",NA,731,"ovary"
"OVCAR-3","OVCAR-3","NIH:OVCAR-3","ovary","ovary",611,698,"ovary"
"OVCAR-4","OVCAR-4","OVCAR-4","ovary","ovary",668,732,"ovary"
"OVCAR-5","OVCAR-5",NA,"ovary",NA,647,NA,"ovary"
"OVCAR-8","OVCAR-8","OVCAR-8","ovary","ovary",669,733,"ovary"
"OVISE",NA,"OVISE",NA,"ovary",NA,734,"ovary"
"OVK18",NA,"OVK18",NA,"ovary",NA,735,"ovary"
"OVKATE",NA,"OVKATE",NA,"ovary",NA,736,"ovary"
"OVMANA",NA,"OVMANA",NA,"ovary",NA,737,"ovary"
"OVSAHO",NA,"OVSAHO",NA,"ovary",NA,738,"ovary"
"OVTOKO",NA,"OVTOKO",NA,"ovary",NA,739,"ovary"
"P12-ICHIKAWA","P12-ICHIKAWA","P12-ICHIKAWA","haematopoietic_and_lymphoid_tissue","haematopoietic_and_lymphoid_tissue",923,740,"haematopoietic_and_lymphoid_tissue"
"P30-OHK","P30-OHK",NA,"haematopoietic_and_lymphoid_tissue",NA,924,NA,"haematopoietic_and_lymphoid_tissue"
"P31-FUJ","P31-FUJ","P31/FUJ","haematopoietic_and_lymphoid_tissue","haematopoietic_and_lymphoid_tissue",925,741,"haematopoietic_and_lymphoid_tissue"
"P3HR-1",NA,"P3HR-1",NA,"haematopoietic_and_lymphoid_tissue",NA,742,"haematopoietic_and_lymphoid_tissue"
"PA-1","PA-1",NA,"ovary",NA,926,NA,"ovary"
"Panc 02.03",NA,"Panc 02.03",NA,"pancreas",NA,743,"pancreas"
"Panc 02.13",NA,"Panc 02.13",NA,"pancreas",NA,744,"pancreas"
"PANC-03-27","PANC-03-27","Panc 03.27","pancreas","pancreas",1142,745,"pancreas"
"Panc 04.03",NA,"Panc 04.03",NA,"pancreas",NA,746,"pancreas"
"Panc 05.04",NA,"Panc 05.04",NA,"pancreas",NA,747,"pancreas"
"PANC-08-13","PANC-08-13","Panc 08.13","pancreas","pancreas",1143,748,"pancreas"
"PANC-1",NA,"PANC-1",NA,"pancreas",NA,750,"pancreas"
"PANC-10-05","PANC-10-05","Panc 10.05","pancreas","pancreas",1144,749,"pancreas"
"PA-TU-8902",NA,"PA-TU-8902",NA,"pancreas",NA,751,"pancreas"
"PA-TU-8988S",NA,"PA-TU-8988S",NA,"pancreas",NA,752,"pancreas"
"PA-TU-8988T",NA,"PA-TU-8988T",NA,"pancreas",NA,753,"pancreas"
"PC-14","PC-14","PC-14","lung","lung",598,754,"lung"
"PC-3","PC-3","PC-3","prostate","prostate",612,755,"prostate"
"PCM6",NA,"PCM6",NA,"haematopoietic_and_lymphoid_tissue",NA,756,"haematopoietic_and_lymphoid_tissue"
"PD1503a","PD1503a",NA,NA,NA,NA,NA,NA
"PE/CA-PJ15",NA,"PE/CA-PJ15",NA,"upper_aerodigestive_tract",NA,757,"upper_aerodigestive_tract"
"PE/CA-PJ34 (clone C12)",NA,"PE/CA-PJ34 (clone C12)",NA,"upper_aerodigestive_tract",NA,758,"upper_aerodigestive_tract"
"PE/CA-PJ41 (clone D2)",NA,"PE/CA-PJ41 (clone D2)",NA,"upper_aerodigestive_tract",NA,759,"upper_aerodigestive_tract"
"PE/CA-PJ49",NA,"PE/CA-PJ49",NA,"upper_aerodigestive_tract",NA,760,"upper_aerodigestive_tract"
"PEER",NA,"PEER",NA,"haematopoietic_and_lymphoid_tissue",NA,761,"haematopoietic_and_lymphoid_tissue"
"PF-382","PF-382","PF-382","haematopoietic_and_lymphoid_tissue","haematopoietic_and_lymphoid_tissue",929,762,"haematopoietic_and_lymphoid_tissue"
"Pfeiffer",NA,"Pfeiffer",NA,"haematopoietic_and_lymphoid_tissue",NA,763,"haematopoietic_and_lymphoid_tissue"
"PFSK-1","PFSK-1",NA,"central_nervous_system",NA,422,NA,"central_nervous_system"
"PK-1",NA,"PK-1",NA,"pancreas",NA,764,"pancreas"
"PK-45H",NA,"PK-45H",NA,"pancreas",NA,765,"pancreas"
"PK-59",NA,"PK-59",NA,"pancreas",NA,766,"pancreas"
"PL-21",NA,"PL-21",NA,"haematopoietic_and_lymphoid_tissue",NA,767,"haematopoietic_and_lymphoid_tissue"
"PL45",NA,"PL45",NA,"pancreas",NA,768,"pancreas"
"PLC-PRF-5","PLC-PRF-5","PLC/PRF/5","liver","liver",1145,769,"liver"
"PrEC LH",NA,"PrEC LH",NA,"prostate",NA,770,"prostate"
"PSN1","PSN1","PSN1","pancreas","pancreas",1023,771,"pancreas"
"QGP-1",NA,"QGP-1",NA,"pancreas",NA,772,"pancreas"
"QIMR-WIL","QIMR-WIL",NA,NA,NA,1022,NA,"haematopoietic_and_lymphoid_tissue"
"Raji","Raji","Raji","haematopoietic_and_lymphoid_tissue","haematopoietic_and_lymphoid_tissue",930,773,"haematopoietic_and_lymphoid_tissue"
"Ramos-2G6-4C10","Ramos-2G6-4C10",NA,"haematopoietic_and_lymphoid_tissue",NA,1020,NA,"haematopoietic_and_lymphoid_tissue"
"RCC10RGB","RCC10RGB","RCC10RGB","kidney","kidney",1013,774,"kidney"
"RCC-4",NA,"RCC-4",NA,"kidney",NA,775,"kidney"
"RCH-ACV",NA,"RCH-ACV",NA,"haematopoietic_and_lymphoid_tissue",NA,776,"haematopoietic_and_lymphoid_tissue"
"RCM-1","RCM-1","RCM-1","large_intestine","large_intestine",931,777,"large_intestine"
"RD","RD","RD","soft_tissue","soft_tissue",932,779,"soft_tissue"
"RD-ES",NA,"RD-ES",NA,"bone",NA,778,"bone"
"REC-1",NA,"REC-1",NA,"haematopoietic_and_lymphoid_tissue",NA,780,"haematopoietic_and_lymphoid_tissue"
"REH","REH",NA,"haematopoietic_and_lymphoid_tissue",NA,933,NA,"haematopoietic_and_lymphoid_tissue"
"Reh",NA,"Reh",NA,"haematopoietic_and_lymphoid_tissue",NA,781,"haematopoietic_and_lymphoid_tissue"
"RERF-GC-1B",NA,"RERF-GC-1B",NA,"stomach",NA,782,"stomach"
"RERF-LC-Ad1",NA,"RERF-LC-Ad1",NA,"lung",NA,783,"lung"
"RERF-LC-Ad2",NA,"RERF-LC-Ad2",NA,"lung",NA,784,"lung"
"RERF-LC-AI",NA,"RERF-LC-AI",NA,"lung",NA,785,"lung"
"RERF-LC-FM","RERF-LC-FM",NA,"lung",NA,1146,NA,"lung"
"RERF-LC-KJ",NA,"RERF-LC-KJ",NA,"lung",NA,786,"lung"
"RERF-LC-MS","RERF-LC-MS","RERF-LC-MS","lung","lung",1084,787,"lung"
"RERF-LC-Sq1",NA,"RERF-LC-Sq1",NA,"lung",NA,788,"lung"
"RF-48","RF-48",NA,NA,NA,934,NA,"stomach"
"RH-1","RH-1",NA,"soft_tissue",NA,1210,NA,"soft_tissue"
"RH-18","RH-18","RH-18",NA,"soft_tissue",1211,789,"soft_tissue"
"RH-30",NA,"RH-30",NA,"soft_tissue",NA,790,"soft_tissue"
"RH-41",NA,"RH-41",NA,"soft_tissue",NA,791,"soft_tissue"
"RI-1",NA,"RI-1",NA,"haematopoietic_and_lymphoid_tissue",NA,792,"haematopoietic_and_lymphoid_tissue"
"RKN",NA,"RKN",NA,"soft_tissue",NA,793,"soft_tissue"
"RKO","RKO","RKO","large_intestine","large_intestine",935,794,"large_intestine"
"RL","RL","RL","haematopoietic_and_lymphoid_tissue","haematopoietic_and_lymphoid_tissue",1062,796,"haematopoietic_and_lymphoid_tissue"
"RL95-2",NA,"RL95-2",NA,"endometrium",NA,795,"endometrium"
"RMG-I","RMG-I","RMG-I","ovary","ovary",936,797,"ovary"
"RMUG-S",NA,"RMUG-S",NA,"ovary",NA,798,"ovary"
"RO82-W-1","RO82-W-1",NA,"thyroid",NA,1148,NA,"thyroid"
"RPMI-2650","RPMI-2650",NA,NA,NA,937,NA,"upper_aerodigestive_tract"
"RPMI-6666","RPMI-6666",NA,NA,NA,938,NA,"haematopoietic_and_lymphoid_tissue"
"RPMI-7951","RPMI-7951","RPMI-7951","skin","skin",1065,799,"skin"
"RPMI-8226","RPMI-8226","RPMI 8226","haematopoietic_and_lymphoid_tissue","haematopoietic_and_lymphoid_tissue",642,800,"haematopoietic_and_lymphoid_tissue"
"RPMI-8402","RPMI-8402","RPMI-8402","haematopoietic_and_lymphoid_tissue","haematopoietic_and_lymphoid_tissue",939,801,"haematopoietic_and_lymphoid_tissue"
"RPMI-8866","RPMI-8866",NA,NA,NA,1021,NA,"haematopoietic_and_lymphoid_tissue"
"RS4-11","RS4-11","RS4;11","haematopoietic_and_lymphoid_tissue","haematopoietic_and_lymphoid_tissue",940,802,"haematopoietic_and_lymphoid_tissue"
"RS-5",NA,"RS-5",NA,"pleura",NA,803,"pleura"
"RT-112","RT-112","RT-112","urinary_tract","urinary_tract",941,805,"urinary_tract"
"RT112/84",NA,"RT112/84",NA,"urinary_tract",NA,804,"urinary_tract"
"RT4",NA,"RT4",NA,"urinary_tract",NA,806,"urinary_tract"
"RTSG","RTSG",NA,"ovary",NA,942,NA,"ovary"
"RVH-421","RVH-421","RVH-421","skin","skin",943,807,"skin"
"RXF393","RXF393",NA,"kidney",NA,656,NA,"kidney"
"S-117","S-117","S-117","soft_tissue","soft_tissue",1096,808,"soft_tissue"
"SALE",NA,"SALE",NA,"lung",NA,809,"lung"
"Saos-2","Saos-2","Saos-2","bone","bone",944,810,"bone"
"SAS","SAS",NA,"upper_aerodigestive_tract",NA,945,NA,"upper_aerodigestive_tract"
"SBC-1","SBC-1",NA,"lung",NA,499,NA,"lung"
"SBC-5","SBC-5","SBC-5","lung","lung",498,811,"lung"
"SCaBER",NA,"SCaBER",NA,"urinary_tract",NA,812,"urinary_tract"
"SCC-15","SCC-15","SCC-15","upper_aerodigestive_tract","upper_aerodigestive_tract",1071,813,"upper_aerodigestive_tract"
"SCC-25","SCC-25","SCC-25","upper_aerodigestive_tract","upper_aerodigestive_tract",1043,814,"upper_aerodigestive_tract"
"SCC-3","SCC-3",NA,NA,NA,1083,NA,"haematopoietic_and_lymphoid_tissue"
"SCC-4","SCC-4","SCC-4","upper_aerodigestive_tract","upper_aerodigestive_tract",1066,815,"upper_aerodigestive_tract"
"SCC-9","SCC-9","SCC-9","upper_aerodigestive_tract","upper_aerodigestive_tract",946,816,"upper_aerodigestive_tract"
"SCCH-26","SCCH-26",NA,NA,NA,947,NA,"autonomic_ganglia"
"SCH","SCH",NA,"stomach",NA,948,NA,"stomach"
"SCLC-21H","SCLC-21H","SCLC-21H","lung","lung",600,817,"lung"
"SEM",NA,"SEM",NA,"haematopoietic_and_lymphoid_tissue",NA,818,"haematopoietic_and_lymphoid_tissue"
"Set-2",NA,"Set-2",NA,"haematopoietic_and_lymphoid_tissue",NA,819,"haematopoietic_and_lymphoid_tissue"
"SF126","SF126","SF126","central_nervous_system","central_nervous_system",949,820,"central_nervous_system"
"SF-172",NA,"SF-172",NA,"central_nervous_system",NA,821,"central_nervous_system"
"SF268","SF268",NA,"central_nervous_system",NA,664,NA,"central_nervous_system"
"SF295","SF295","SF-295","central_nervous_system","central_nervous_system",663,822,"central_nervous_system"
"SF539","SF539",NA,"central_nervous_system",NA,662,NA,"central_nervous_system"
"SF767",NA,"SF767",NA,"central_nervous_system",NA,823,"central_nervous_system"
"SH-10-TC",NA,"SH-10-TC",NA,"stomach",NA,824,"stomach"
"SH-4",NA,"SH-4",NA,"skin",NA,825,"skin"
"SHP-77","SHP-77","SHP-77","lung","lung",521,826,"lung"
"SH-SY5Y",NA,"SH-SY5Y",NA,"autonomic_ganglia",NA,827,"autonomic_ganglia"
"SIG-M5",NA,"SIG-M5",NA,"haematopoietic_and_lymphoid_tissue",NA,828,"haematopoietic_and_lymphoid_tissue"
"SiHa","SiHa",NA,"cervix",NA,1149,NA,"cervix"
"SIMA","SIMA","SIMA","autonomic_ganglia","autonomic_ganglia",606,829,"autonomic_ganglia"
"SJRH30","SJRH30","SJRH30",NA,"soft_tissue",952,830,"soft_tissue"
"SJSA-1","SJSA-1","SJSA-1",NA,"bone",953,831,"bone"
"SK-BR-3",NA,"SK-BR-3",NA,"breast",NA,832,"breast"
"SK-CO-1","SK-CO-1","SK-CO-1","large_intestine","large_intestine",954,833,"large_intestine"
"SK-ES-1",NA,"SK-ES-1",NA,"bone",NA,834,"bone"
"SKG-IIIa","SKG-IIIa",NA,"cervix",NA,1150,NA,"cervix"
"SK-HEP-1","SK-HEP-1","SK-HEP-1","liver","liver",955,835,"liver"
"SK-LMS-1","SK-LMS-1","SK-LMS-1","soft_tissue","soft_tissue",956,836,"soft_tissue"
"SK-LU-1","SK-LU-1","SK-LU-1","lung","lung",957,837,"lung"
"SKM-1","SKM-1","SKM-1","haematopoietic_and_lymphoid_tissue","haematopoietic_and_lymphoid_tissue",958,838,"haematopoietic_and_lymphoid_tissue"
"SK-MEL-1",NA,"SK-MEL-1",NA,"skin",NA,839,"skin"
"SK-MEL-2","SK-MEL-2","SK-MEL-2","skin","skin",633,842,"skin"
"SK-MEL-24","SK-MEL-24","SK-MEL-24","skin","skin",961,840,"skin"
"SK-MEL-28","SK-MEL-28","SK-MEL-28","skin","skin",632,841,"skin"
"SK-MEL-3","SK-MEL-3","SK-MEL-3","skin","skin",960,845,"skin"
"SK-MEL-30","SK-MEL-30","SK-MEL-30","skin","skin",962,843,"skin"
"SK-MEL-31",NA,"SK-MEL-31",NA,"skin",NA,844,"skin"
"SK-MEL-5","SK-MEL-5","SK-MEL-5","skin","skin",634,846,"skin"
"SK-MES-1","SK-MES-1","SK-MES-1","lung","lung",964,847,"lung"
"SK-MG-1","SK-MG-1",NA,"central_nervous_system",NA,965,NA,"central_nervous_system"
"SK-MM-2","SK-MM-2","SK-MM-2","haematopoietic_and_lymphoid_tissue","haematopoietic_and_lymphoid_tissue",601,848,"haematopoietic_and_lymphoid_tissue"
"SK-N-AS","SK-N-AS","SK-N-AS","autonomic_ganglia","autonomic_ganglia",508,849,"autonomic_ganglia"
"SK-N-BE(2)",NA,"SK-N-BE(2)",NA,"autonomic_ganglia",NA,850,"autonomic_ganglia"
"SK-N-DZ","SK-N-DZ","SK-N-DZ","autonomic_ganglia","autonomic_ganglia",493,851,"autonomic_ganglia"
"SK-NEP-1","SK-NEP-1",NA,"kidney",NA,966,NA,"kidney"
"SK-N-FI","SK-N-FI","SK-N-FI","autonomic_ganglia","autonomic_ganglia",494,852,"autonomic_ganglia"
"SK-N-MC",NA,"SK-N-MC",NA,"bone",NA,853,"bone"
"SK-N-SH",NA,"SK-N-SH",NA,"autonomic_ganglia",NA,854,"autonomic_ganglia"
"SK-OV-3","SK-OV-3","SK-OV-3","ovary","ovary",637,855,"ovary"
"SK-RC-20",NA,"SK-RC-20",NA,"kidney",NA,856,"kidney"
"SK-RC 31",NA,"SK-RC 31",NA,"kidney",NA,857,"kidney"
"SK-UT-1","SK-UT-1","SK-UT-1","soft_tissue","soft_tissue",968,858,"soft_tissue"
"SLR 20",NA,"SLR 20",NA,"kidney",NA,859,"kidney"
"SLR 21",NA,"SLR 21",NA,"kidney",NA,860,"kidney"
"SLR 23",NA,"SLR 23",NA,"kidney",NA,861,"kidney"
"SLR 24",NA,"SLR 24",NA,"kidney",NA,862,"kidney"
"SLR 25",NA,"SLR 25",NA,"kidney",NA,863,"kidney"
"SLR 26",NA,"SLR 26",NA,"kidney",NA,864,"kidney"
"SN12C","SN12C",NA,"kidney",NA,657,NA,"kidney"
"SNB19","SNB19","SNB-19","central_nervous_system","central_nervous_system",644,865,"central_nervous_system"
"SNG-M","SNG-M","SNG-M","endometrium","endometrium",969,866,"endometrium"
"SNU-1033",NA,"SNU-1033",NA,"large_intestine",NA,867,"large_intestine"
"SNU-1040",NA,"SNU-1040",NA,"large_intestine",NA,868,"large_intestine"
"SNU-1041",NA,"SNU-1041",NA,"upper_aerodigestive_tract",NA,869,"upper_aerodigestive_tract"
"SNU-1066",NA,"SNU-1066",NA,"upper_aerodigestive_tract",NA,870,"upper_aerodigestive_tract"
"SNU-1076",NA,"SNU-1076",NA,"upper_aerodigestive_tract",NA,871,"upper_aerodigestive_tract"
"SNU-1077",NA,"SNU-1077",NA,"endometrium",NA,872,"endometrium"
"SNU-1079",NA,"SNU-1079",NA,"biliary_tract",NA,873,"biliary_tract"
"SNU-1105",NA,"SNU-1105",NA,"central_nervous_system",NA,874,"central_nervous_system"
"SNU-119",NA,"SNU-119",NA,"ovary",NA,877,"ovary"
"SNU-1196",NA,"SNU-1196",NA,"biliary_tract",NA,875,"biliary_tract"
"SNU-1197",NA,"SNU-1197",NA,"large_intestine",NA,876,"large_intestine"
"SNU-1214",NA,"SNU-1214",NA,"upper_aerodigestive_tract",NA,878,"upper_aerodigestive_tract"
"SNU-1272",NA,"SNU-1272",NA,"kidney",NA,879,"kidney"
"SNU-175",NA,"SNU-175",NA,"large_intestine",NA,881,"large_intestine"
"SNU-182",NA,"SNU-182",NA,"liver",NA,882,"liver"
"SNU-201",NA,"SNU-201",NA,"central_nervous_system",NA,884,"central_nervous_system"
"SNU-213",NA,"SNU-213",NA,"pancreas",NA,885,"pancreas"
"SNU-216",NA,"SNU-216",NA,"stomach",NA,886,"stomach"
"SNU-245",NA,"SNU-245",NA,"biliary_tract",NA,887,"biliary_tract"
"SNU-283",NA,"SNU-283",NA,"large_intestine",NA,888,"large_intestine"
"SNU-308",NA,"SNU-308",NA,"biliary_tract",NA,889,"biliary_tract"
"SNU-324",NA,"SNU-324",NA,"pancreas",NA,890,"pancreas"
"SNU-349",NA,"SNU-349",NA,"kidney",NA,891,"kidney"
"SNU-387","SNU-387","SNU-387","liver","liver",970,892,"liver"
"SNU-398",NA,"SNU-398",NA,"liver",NA,893,"liver"
"SNU-407",NA,"SNU-407",NA,"large_intestine",NA,894,"large_intestine"
"SNU-410",NA,"SNU-410",NA,"pancreas",NA,895,"pancreas"
"SNU-423","SNU-423","SNU-423",NA,"liver",971,896,"liver"
"SNU-449","SNU-449","SNU-449","liver","liver",972,897,"liver"
"SNU-46",NA,"SNU-46",NA,"upper_aerodigestive_tract",NA,899,"upper_aerodigestive_tract"
"SNU-466",NA,"SNU-466",NA,"central_nervous_system",NA,898,"central_nervous_system"
"SNU-475","SNU-475","SNU-475","liver","liver",973,900,"liver"
"SNU-478",NA,"SNU-478",NA,"biliary_tract",NA,901,"biliary_tract"
"SNU-489",NA,"SNU-489",NA,"central_nervous_system",NA,902,"central_nervous_system"
"SNU-503",NA,"SNU-503",NA,"large_intestine",NA,903,"large_intestine"
"SNU-520",NA,"SNU-520",NA,"stomach",NA,904,"stomach"
"SNU-601",NA,"SNU-601",NA,"stomach",NA,906,"stomach"
"SNU-61",NA,"SNU-61",NA,"large_intestine",NA,907,"large_intestine"
"SNU-620",NA,"SNU-620",NA,"stomach",NA,908,"stomach"
"SNU-626",NA,"SNU-626",NA,"central_nervous_system",NA,909,"central_nervous_system"
"SNU-668",NA,"SNU-668",NA,"stomach",NA,910,"stomach"
"SNU-685",NA,"SNU-685",NA,"endometrium",NA,911,"endometrium"
"SNU-719",NA,"SNU-719",NA,"stomach",NA,912,"stomach"
"SNU-738",NA,"SNU-738",NA,"central_nervous_system",NA,913,"central_nervous_system"
"SNU-761",NA,"SNU-761",NA,"liver",NA,914,"liver"
"SNU-8",NA,"SNU-8",NA,"ovary",NA,921,"ovary"
"SNU-81",NA,"SNU-81",NA,"large_intestine",NA,915,"large_intestine"
"SNU-840",NA,"SNU-840",NA,"ovary",NA,916,"ovary"
"SNU-869",NA,"SNU-869",NA,"biliary_tract",NA,917,"biliary_tract"
"SNU-878",NA,"SNU-878",NA,"liver",NA,918,"liver"
"SNU-886",NA,"SNU-886",NA,"liver",NA,919,"liver"
"SNU-899",NA,"SNU-899",NA,"upper_aerodigestive_tract",NA,920,"upper_aerodigestive_tract"
"SNU-C1","SNU-C1","SNU-C1","large_intestine","large_intestine",1067,922,"large_intestine"
"SNU-C2A",NA,"SNU-C2A",NA,"large_intestine",NA,923,"large_intestine"
"SNU-C2B","SNU-C2B",NA,"large_intestine",NA,974,NA,"large_intestine"
"SNU-C4",NA,"SNU-C4",NA,"large_intestine",NA,924,"large_intestine"
"SNU-C5",NA,"SNU-C5",NA,"large_intestine",NA,925,"large_intestine"
"Sq-1",NA,"Sq-1",NA,"lung",NA,926,"lung"
"SR","SR","SR-786","haematopoietic_and_lymphoid_tissue","haematopoietic_and_lymphoid_tissue",643,927,"haematopoietic_and_lymphoid_tissue"
"ST486","ST486","ST486","haematopoietic_and_lymphoid_tissue","haematopoietic_and_lymphoid_tissue",1068,928,"haematopoietic_and_lymphoid_tissue"
"SU.86.86",NA,"SU.86.86",NA,"pancreas",NA,929,"pancreas"
"SU-DHL-1","SU-DHL-1","SU-DHL-1","haematopoietic_and_lymphoid_tissue","haematopoietic_and_lymphoid_tissue",975,931,"haematopoietic_and_lymphoid_tissue"
"SU-DHL-10",NA,"SU-DHL-10",NA,"haematopoietic_and_lymphoid_tissue",NA,930,"haematopoietic_and_lymphoid_tissue"
"SU-DHL-4",NA,"SU-DHL-4",NA,"haematopoietic_and_lymphoid_tissue",NA,932,"haematopoietic_and_lymphoid_tissue"
"SU-DHL-5",NA,"SU-DHL-5",NA,"haematopoietic_and_lymphoid_tissue",NA,933,"haematopoietic_and_lymphoid_tissue"
"SU-DHL-6",NA,"SU-DHL-6",NA,"haematopoietic_and_lymphoid_tissue",NA,934,"haematopoietic_and_lymphoid_tissue"
"SU-DHL-8",NA,"SU-DHL-8",NA,"haematopoietic_and_lymphoid_tissue",NA,935,"haematopoietic_and_lymphoid_tissue"
"SUIT-2",NA,"SUIT-2",NA,"pancreas",NA,936,"pancreas"
"SUP-B15",NA,"SUP-B15",NA,"haematopoietic_and_lymphoid_tissue",NA,937,"haematopoietic_and_lymphoid_tissue"
"SUP-B8","SUP-B8",NA,"haematopoietic_and_lymphoid_tissue",NA,1018,NA,"haematopoietic_and_lymphoid_tissue"
"SUP-HD1",NA,"SUP-HD1",NA,"haematopoietic_and_lymphoid_tissue",NA,938,"haematopoietic_and_lymphoid_tissue"
"SUP-M2",NA,"SUP-M2",NA,"haematopoietic_and_lymphoid_tissue",NA,939,"haematopoietic_and_lymphoid_tissue"
"SUP-T1","SUP-T1","SUP-T1","haematopoietic_and_lymphoid_tissue","haematopoietic_and_lymphoid_tissue",976,941,"haematopoietic_and_lymphoid_tissue"
"SUP-T11",NA,"SUP-T11",NA,"haematopoietic_and_lymphoid_tissue",NA,940,"haematopoietic_and_lymphoid_tissue"
"SW1088","SW1088","SW 1088","central_nervous_system","central_nervous_system",978,942,"central_nervous_system"
"SW1116","SW1116","SW1116","large_intestine","large_intestine",979,943,"large_intestine"
"SW 1271",NA,"SW 1271",NA,"lung",NA,944,"lung"
"SW13","SW13",NA,"adrenal_gland",NA,977,NA,"adrenal_gland"
"SW 1353",NA,"SW 1353",NA,"bone",NA,945,"bone"
"SW1417","SW1417","SW1417","large_intestine","large_intestine",980,946,"large_intestine"
"SW1463","SW1463","SW1463","large_intestine","large_intestine",981,947,"large_intestine"
"SW1573","SW1573","SW 1573","lung","lung",524,948,"lung"
"SW1710","SW1710","SW-1710","urinary_tract","urinary_tract",982,949,"urinary_tract"
"SW1783","SW1783","SW 1783","central_nervous_system","central_nervous_system",983,950,"central_nervous_system"
"SW1990","SW1990","SW 1990","pancreas","pancreas",1069,951,"pancreas"
"SW403","SW403","SW403",NA,"large_intestine",NA,952,"large_intestine"
"SW48","SW48","SW48","large_intestine","large_intestine",984,954,"large_intestine"
"SW480",NA,"SW480",NA,"large_intestine",NA,953,"large_intestine"
"SW579",NA,"SW579",NA,"thyroid",NA,955,"thyroid"
"SW620","SW620","SW620","large_intestine","large_intestine",640,956,"large_intestine"
"SW626","SW626",NA,"ovary",NA,985,NA,"ovary"
"SW684","SW684",NA,"soft_tissue",NA,986,NA,"soft_tissue"
"SW780","SW780","SW 780","urinary_tract","urinary_tract",433,957,"urinary_tract"
"SW837","SW837","SW837","large_intestine","large_intestine",987,958,"large_intestine"
"SW872","SW872",NA,"soft_tissue",NA,988,NA,"soft_tissue"
"SW900","SW900","SW 900","lung","lung",525,959,"lung"
"SW948","SW948","SW948","large_intestine","large_intestine",989,960,"large_intestine"
"SW954","SW954",NA,"vulva",NA,1131,NA,"vulva"
"SW962","SW962",NA,"vulva",NA,990,NA,"vulva"
"SW982","SW982",NA,"soft_tissue",NA,991,NA,"soft_tissue"
"T-24","T-24","T24","urinary_tract","urinary_tract",506,962,"urinary_tract"
"T3M-10",NA,"T3M-10",NA,"lung",NA,963,"lung"
"T3M-4",NA,"T3M-4",NA,"pancreas",NA,964,"pancreas"
"T47D","T47D","T-47D","breast","breast",623,965,"breast"
"T84","T84","T84","large_intestine","large_intestine",992,966,"large_intestine"
"T98G","T98G","T98G","central_nervous_system","central_nervous_system",442,967,"central_nervous_system"
"TALL-1","TALL-1","TALL-1","haematopoietic_and_lymphoid_tissue","haematopoietic_and_lymphoid_tissue",993,968,"haematopoietic_and_lymphoid_tissue"
"TC-32",NA,"TC-32",NA,"bone",NA,969,"bone"
"TC-71",NA,"TC-71",NA,"bone",NA,970,"bone"
"TCC-PAN2",NA,"TCC-PAN2",NA,"pancreas",NA,971,"pancreas"
"TCCSUP","TCCSUP","TCCSUP","urinary_tract","urinary_tract",434,972,"urinary_tract"
"TCO-1","TCO-1",NA,NA,NA,NA,NA,"thyroid"
"TC-YIK","TC-YIK",NA,"cervix",NA,1158,NA,"cervix"
"TE-1","TE-1","TE-1","oesophagus","oesophagus",607,979,"oesophagus"
"TE-10","TE-10","TE-10","oesophagus","oesophagus",608,973,"oesophagus"
"TE-11","TE-11","TE-11","oesophagus","oesophagus",1155,974,"oesophagus"
"TE-12","TE-12",NA,"oesophagus",NA,1157,NA,"oesophagus"
"TE 125.T",NA,"TE 125.T",NA,"soft_tissue",NA,975,"soft_tissue"
"TE-14",NA,"TE-14",NA,"oesophagus",NA,976,"oesophagus"
"TE-15","TE-15","TE-15","oesophagus","oesophagus",602,978,"oesophagus"
"TE 159.T",NA,"TE 159.T",NA,"soft_tissue",NA,977,"soft_tissue"
"TE-161-T","TE-161-T",NA,NA,NA,994,NA,"haematopoietic_and_lymphoid_tissue"
"TE-4",NA,"TE-4",NA,"oesophagus",NA,981,"oesophagus"
"TE 441.T",NA,"TE 441.T",NA,"soft_tissue",NA,980,"soft_tissue"
"TE-5","TE-5","TE-5","oesophagus","oesophagus",526,982,"oesophagus"
"TE-6","TE-6","TE-6","oesophagus","oesophagus",1156,984,"oesophagus"
"TE 617.T",NA,"TE 617.T",NA,"soft_tissue",NA,983,"soft_tissue"
"TE-8","TE-8","TE-8","oesophagus","oesophagus",609,985,"oesophagus"
"TE-9","TE-9","TE-9","oesophagus","oesophagus",1154,986,"oesophagus"
"TEN",NA,"TEN",NA,"endometrium",NA,987,"endometrium"
"TF-1",NA,"TF-1",NA,"haematopoietic_and_lymphoid_tissue",NA,988,"haematopoietic_and_lymphoid_tissue"
"TGBC11TKB","TGBC11TKB","TGBC11TKB","stomach","stomach",997,989,"stomach"
"TGBC1TKB","TGBC1TKB",NA,"biliary_tract",NA,996,NA,"biliary_tract"
"TGBC24TKB","TGBC24TKB",NA,"biliary_tract",NA,1038,NA,"biliary_tract"
"TGW","TGW",NA,"autonomic_ganglia",NA,1053,NA,"autonomic_ganglia"
"THP-1","THP-1","THP-1","haematopoietic_and_lymphoid_tissue","haematopoietic_and_lymphoid_tissue",998,990,"haematopoietic_and_lymphoid_tissue"
"TI-73","TI-73","T1-73",NA,"bone",1039,961,"bone"
"TIG-3 TD",NA,"TIG-3 TD",NA,"lung",NA,991,"lung"
"TK10","TK10",NA,"kidney",NA,658,NA,"kidney"
"TM-31",NA,"TM-31",NA,"central_nervous_system",NA,992,"central_nervous_system"
"TO 175.T",NA,"TO 175.T",NA,"haematopoietic_and_lymphoid_tissue",NA,993,"haematopoietic_and_lymphoid_tissue"
"Toledo",NA,"Toledo",NA,"haematopoietic_and_lymphoid_tissue",NA,994,"haematopoietic_and_lymphoid_tissue"
"TOV-112D",NA,"TOV-112D",NA,"ovary",NA,995,"ovary"
"TOV-21G",NA,"TOV-21G",NA,"ovary",NA,996,"ovary"
"TT","TT","TT","thyroid","thyroid",1151,999,"thyroid"
"T.T",NA,"T.T",NA,"oesophagus",NA,998,"oesophagus"
"TT2609-C02",NA,"TT2609-C02",NA,"thyroid",NA,997,"thyroid"
"TUHR10TKB",NA,"TUHR10TKB",NA,"kidney",NA,1000,"kidney"
"TUHR14TKB",NA,"TUHR14TKB",NA,"kidney",NA,1001,"kidney"
"TUHR4TKB",NA,"TUHR4TKB",NA,"kidney",NA,1002,"kidney"
"TUR","TUR",NA,"haematopoietic_and_lymphoid_tissue",NA,999,NA,"haematopoietic_and_lymphoid_tissue"
"TYK-nu","TYK-nu","TYK-nu","ovary","ovary",1000,1003,"ovary"
"U031","U031",NA,"kidney",NA,659,NA,"kidney"
"U-118-MG","U-118-MG","U-118 MG","central_nervous_system","central_nervous_system",443,1004,"central_nervous_system"
"U-138 MG",NA,"U-138 MG",NA,"central_nervous_system",NA,1005,"central_nervous_system"
"U-178",NA,"U-178",NA,"central_nervous_system",NA,1006,"central_nervous_system"
"U251","U251","U-251 MG","central_nervous_system","central_nervous_system",661,1007,"central_nervous_system"
"U-266","U-266","U266B1","haematopoietic_and_lymphoid_tissue","haematopoietic_and_lymphoid_tissue",603,1008,"haematopoietic_and_lymphoid_tissue"
"U-2-OS","U-2-OS","U-2 OS",NA,"bone",1001,1009,"bone"
"U343",NA,"U343",NA,"central_nervous_system",NA,1010,"central_nervous_system"
"U-698-M","U-698-M",NA,"haematopoietic_and_lymphoid_tissue",NA,1002,NA,"haematopoietic_and_lymphoid_tissue"
"U-87-MG","U-87-MG","U-87 MG","central_nervous_system","central_nervous_system",444,1011,"central_nervous_system"
"U-937",NA,"U-937",NA,"haematopoietic_and_lymphoid_tissue",NA,1012,"haematopoietic_and_lymphoid_tissue"
"UACC-257","UACC-257","UACC-257","skin","skin",655,1013,"skin"
"UACC-62","UACC-62","UACC-62","skin","skin",654,1014,"skin"
"UACC-812","UACC-812","UACC-812",NA,"breast",1070,1015,"breast"
"UACC-893",NA,"UACC-893",NA,"breast",NA,1016,"breast"
"U-BLC1",NA,"U-BLC1",NA,"urinary_tract",NA,1017,"urinary_tract"
"UMC-11","UMC-11",NA,"lung",NA,1004,NA,"lung"
"UMRC2",NA,"UMRC2",NA,"kidney",NA,1018,"kidney"
"UMRC6",NA,"UMRC6",NA,"kidney",NA,1019,"kidney"
"UM-UC-1",NA,"UM-UC-1",NA,"urinary_tract",NA,1020,"urinary_tract"
"UM-UC-3","UM-UC-3","UM-UC-3","urinary_tract","urinary_tract",511,1021,"urinary_tract"
"UOK101",NA,"UOK101",NA,"kidney",NA,1022,"kidney"
"UT-7",NA,"UT-7",NA,"haematopoietic_and_lymphoid_tissue",NA,1023,"haematopoietic_and_lymphoid_tissue"
"VA-ES-BJ","VA-ES-BJ",NA,"bone",NA,495,NA,"bone"
"VCaP",NA,"VCaP",NA,"prostate",NA,1024,"prostate"
"VM-CUB-1","VM-CUB-1","VM-CUB1","urinary_tract","urinary_tract",1005,1025,"urinary_tract"
"VMRC-LCD",NA,"VMRC-LCD",NA,"lung",NA,1026,"lung"
"VMRC-LCP",NA,"VMRC-LCP",NA,"lung",NA,1027,"lung"
"VMRC-MELG","VMRC-MELG",NA,"skin",NA,1153,NA,"skin"
"VMRC-RCW",NA,"VMRC-RCW",NA,"kidney",NA,1028,"kidney"
"VMRC-RCZ","VMRC-RCZ","VMRC-RCZ","kidney","kidney",1006,1029,"kidney"
"WERI-Rb-1","WERI-Rb-1",NA,"eye",NA,1007,NA,"eye"
"WM-115","WM-115","WM-115","skin","skin",1008,1030,"skin"
"WM1799",NA,"WM1799",NA,"skin",NA,1031,"skin"
"WM-266-4",NA,"WM-266-4",NA,"skin",NA,1032,"skin"
"WM-793",NA,"WM-793",NA,"skin",NA,1033,"skin"
"WM-88",NA,"WM-88",NA,"skin",NA,1034,"skin"
"WM-983B",NA,"WM-983B",NA,"skin",NA,1035,"skin"
"WSU-DLCL2",NA,"WSU-DLCL2",NA,"haematopoietic_and_lymphoid_tissue",NA,1036,"haematopoietic_and_lymphoid_tissue"
"WSU-NHL","WSU-NHL",NA,"haematopoietic_and_lymphoid_tissue",NA,1009,NA,"haematopoietic_and_lymphoid_tissue"
"YAPC","YAPC","YAPC","pancreas","pancreas",1010,1037,"pancreas"
"YD-10B",NA,"YD-10B",NA,"upper_aerodigestive_tract",NA,1038,"upper_aerodigestive_tract"
"YD-15",NA,"YD-15",NA,"salivary_gland",NA,1039,"salivary_gland"
"YD-38",NA,"YD-38",NA,"upper_aerodigestive_tract",NA,1040,"upper_aerodigestive_tract"
"YD-8",NA,"YD-8",NA,"upper_aerodigestive_tract",NA,1041,"upper_aerodigestive_tract"
"YH-13","YH-13","YH-13","central_nervous_system","central_nervous_system",1011,1042,"central_nervous_system"
"YKG-1","YKG-1","YKG1","central_nervous_system","central_nervous_system",445,1043,"central_nervous_system"
"YMB-1",NA,"YMB-1",NA,"breast",NA,1044,"breast"
"ZR-75-1",NA,"ZR-75-1",NA,"breast",NA,1045,"breast"
"ZR-75-30","ZR-75-30","ZR-75-30","breast","breast",1012,1046,"breast"
